package,V1
epipen,1
CARLIT,2
multidim,2
Rassist,3
hpower,4
mcpd,4
mrp,4
mrpdata,4
munsellinterpol,4
normix,4
polyphemus,4
ptproc,4
regexp,4
seq2R,4
sheldusr,4
stable,4
sudokuplus,4
timeslab,4
uskew,4
zmatrix,4
integrativeMEdata,5
msgcop,6
newallelic,6
spGoogle,6
clus,7
egarch,7
gazetools,7
compositionsGUI,8
edmr,8
funfits,8
ibs,8
iDEMO,8
npConfRatio,8
rreval,8
runStat,8
spsarlm,8
sublogo,8
syskern,8
triggr,8
colorscience,9
ensemble,9
filterviewR,9
ppr,9
vtcl,9
aroma.light,10
cheatmap,10
interactivity,10
ratetables,10
sentiment,10
staTools,10
tcltk,10
torus,10
tsallisqexp,10
colSums,11
dataframe,11
dclong.spt,11
simpleR,11
atsd,12
multilm,12
mvgraph,12
nloptwrap,12
pcrsim,12
replicationDemos,12
ritis,12
transmission,12
VCA,12
audited,13
R.app,13
Rdbi.PgSQL,13
PowerVenn,14
Rdbi,14
RGtk2.10,14
snpXpert,14
SSOAP,14
ArduinoControl,15
Coxnet,15
EntropyExplorer,15
MCMCtGARCH,15
NHMSAR,15
RDF,15
rHadoopClient,15
rlandscape,15
RMETAR,15
rolasized,15
SciencePo,15
BayesNetDiscovery,16
DARTData,16
DBI.RODBC,16
HTML,16
integrate,16
LumiWCluster,16
MCMCtGARCHM,16
mixnet,16
polymars,16
PSMix,16
SesIndexCreatoR,16
smd.and.more,16
sptests,16
survival4,16
VA,16
DBI.RPgSQL,17
Dopt,17
easingr,17
EpiResTest,17
MCMCtNARCH,17
mosaicManip,17
mpc,17
mr,17
nls,17
nnlasso,17
readMETEO,17
Rlof,17
AnalyzeIO,18
atm,18
BayesPen,18
gapminder,18
kfigr,18
lme,18
mchof,18
OneArmPhaseTwoStudy,18
OptionsPdf,18
pcaPA,18
Tampo,18
taskPR,18
uniPlot,18
dmRTools,19
emudata,19
event.chart,19
ExactSampling,19
MixMod,19
paleoTSalt,19
PARccs,19
parspatstat,19
splines,19
tsp,19
easystab,20
netCDF,20
nytR,20
repeated,20
rmutil,20
swst,20
climate.plot,21
gdor,21
growth,21
LDExplorer,21
ROCS,21
rpart.permutation,21
StreamingLm,21
waldwolf,21
geoChina,22
rriskBayes,22
serialize,22
cloudRmpiJars,23
mclust1998,23
melody,23
profanal,23
qfa,23
rcqp,23
rImpactStory,23
roxyPackage,23
sessionTools,23
sltl,23
googlebigquery,24
skewtools,24
spclust,24
spweights,24
aBioMarVsuit,25
iScreen,25
kBestShortestPaths,25
rcompletion,25
ris,26
EasyUpliftTree,27
em2,27
ExactNumCI,27
gemmR,27
gppois,27
JMLSD,27
mfr,27
qdg,27
SocrataR,27
driftsel,28
FusedLasso,28
WaveCGH,28
XMLSchema,28
ebayesthresh,29
event,29
GLMMGibbs,29
gnlm,29
jmetrik,29
logistiX,29
nfda,29
ropensnp,29
RTDAmeritrade,29
TradeStrategyAnalyzer,29
CompModSA,30
MetaPath,30
PACE,30
revoIPC,30
scaleCoef,30
skills,30
weathermetrics,30
calibFit,31
DataFrameConstr,31
factas,31
markerSearchPower,31
pfda,31
Reot,31
BINCO,32
CAscaling,32
cxx,32
epibase,32
glmgraph,32
govdat,32
graphite,32
nordklimdata1,32
stataread,32
transnet,32
udunits,32
gearman,33
gsmaRt,33
NHMMfdr,33
risaac,33
sigora,33
pgnorm,34
Rnotes,34
umlr,34
WebDevelopR,34
BADER,35
last.call,35
NLSdata,35
qqplotter,35
genomicper,36
iwtp,36
pfa,36
SDBP,36
StVAR,36
avgrankoverlap,37
BayesPanel,37
conicfit,37
dmm,37
FPDC,37
graphComp,37
gtkDevice,37
curvclust,38
doSMP,38
RcppAPT,38
RECSO,38
rmmseg4j,38
rsbml,38
SCEPtERextras,38
tpsDesign,38
bscr,39
cloudRmpi,39
dirichlet,39
easi,39
margie,39
paloma,39
agreement,40
dataonelibs,40
GetNenshuJP,40
MDD,40
PIN,40
survival5,40
dataone,41
finebalance,41
makesweave,41
postgwas,41
productplots,41
StoppingRules,41
two.stage.boot,41
capme,42
CCMnet,42
ctarma,42
CVD,42
pmc,42
rmosek,42
tabplotGTK,42
bats,43
cgwtools,43
cldr,43
dcens,43
GFMaps,43
mnspc,43
motmot,43
nncRda,43
nvis,43
ocomposition,43
oosp,43
pkDACLASS,43
rknn,43
stratasphere,43
TPAM,43
VBMA4hmm,43
ageprior,44
BMAmevt,44
colorout,44
flexCrossHaz,44
googlePublicData,44
mscalib,44
numConversion,44
probemapper,44
bilan,45
EDanalysis,45
FortranCallsR,45
highriskzone,45
InfNet,45
jmec,45
lcmr,45
Nemenyi,45
RAFM,45
makeR,46
maxLinear,46
micEcdat,46
multiv,46
openNLPmodels,46
opentick,46
phyloarray,46
Rfun,46
Rgraphviz,46
voronoi,46
biseVec,47
ChangeAnomalyDetection,47
GWAtoolbox,47
Java,47
longclust,47
nutshellDE,47
press,47
pressData,47
sweSCB,47
Aelasticnet,48
bayesCGH,48
eigendog,48
exactDistr,48
GLMMarp,48
gRcox,48
gtm,48
hof,48
latentnetHRT,48
RStackExchange,48
s3x,48
CAGExploreR,49
DART,49
margLikArrogance,49
int64,50
MASSI,50
PermuteNGS,50
siatclust,50
standGL,50
wethepeople,50
fairselect,51
hsdar,51
LN3GV,51
ndvits,51
odprism,51
POET,51
twopartqtl,51
fume,52
NORRRM,52
rvmbinary,52
wvioplot,52
bigml,53
iv,53
nricens,53
roblm,53
phitest,54
quaternions,54
radiant,54
satin,54
bwsurvival,55
empiricalBayes,55
mota,55
mtcreator,55
RSpincalc,55
RxnSim,55
SRMA,55
texmexseq,55
gausspred,56
GOsummaries,56
h5r,56
haplo.score,56
knn,56
pcenum,56
RBerkeley,56
seismicRoll,56
snort,56
triads,56
TSPC,56
infochimps,57
malaria.em,57
seao.gui,57
SV,57
TextRegression,57
caspar,58
dynpred,58
edtdbg,58
ggcolpairs,58
Rgnuplot,58
StructR,58
TwoPhaseInd,58
geofd,59
lmbc,59
nnc,59
PrecipStat,59
QLSpline,59
RcmdrPlugin.TextMining,59
rpvm,59
sabreR,59
WaveletCo,59
ARAMIS,60
FunctSNP,60
MEWMA,60
OSACC,60
pARtial,60
RAHRS,60
seao,60
aggrisk,61
biGraph,61
dcemri,61
gsc,61
MCUSUM,61
partools,61
PSCN,61
RTAQ,61
singlecase,61
spef,61
splinesurv,61
tilting,61
twostage,61
varcompci,61
CoCoCg,62
GammaTest,62
PamGeneMixed,62
phyext,62
vmv,62
Covpath,63
DPM.GGM,63
farmR,63
logilasso,63
MSVAR,63
muscor,63
pacose,63
Rdroolsjars,63
STARSEQ,63
CoCoGraph,64
helpr,64
iWebPlots,64
tonymisc,64
toOrdinal,64
unknownR,64
VisuClust,64
attfad,65
blatr,65
EuclideanMaps,65
fastVAR,65
HPO.db,65
rdyncall,65
rggm,65
validator,65
CPGchron,66
lmfor,66
NeMo,66
PairTrading,66
rmac,66
baymvb,67
bsml,67
cir,67
lnMLE,67
rgexf,67
colcor,68
divisors,68
netmodels,68
opencpu.demo,68
speedR,68
tossm,68
CFC,69
ctest,69
SteinerNet,69
comorbidities,70
confReg,70
marelacTeaching,70
MCL,70
OneHandClapping,70
ppMeasures,70
Rdrools,70
rTOFsPRO,70
sifds,70
skellam,70
vimcom,70
biomonCore,71
halp,71
pARccs,71
trex,71
cmprskContin,72
cthresh,72
graphicalVAR,72
magnets,72
meanscore,72
NetPreProc,72
normwn.test,72
phybase,72
Rcmdr.HH,72
Rlsf,72
survcomp,72
compLasso,73
complex.surv.dat.sim,73
envelope,73
IniStatR,73
iSubpathwayMiner,73
Metadata,73
MRIaggr,73
mtsc,73
ofw,73
Rmetrics,73
SWordInstaller,73
atmi,74
cpm,74
csound,74
digitize,74
import,74
LDdiag,74
pga,74
playitbyr,74
rocplus,74
ThreeGroups,74
XReg,74
fracprolif,75
histmdl,75
MiClip,75
opencpu.encode,75
rWMBAT,75
speedRlibTF,75
StochaTR,75
survivalBIV,75
TreeRank,75
cems,76
CoCoAn,76
gnomeGUI,76
lossDev,76
MISA,76
poplab,76
rpartOrdinal,76
survJamda.data,76
bayespack,77
belief,77
MeDiChI,77
RandForestGUI,77
Ace,78
Malmig,78
ofp,78
rgrass7,78
SAGx,78
stringkernels,78
vmsbase,78
xterm256,78
bstats,79
charlson,79
FIAR,79
genefu,79
HPOSim,79
imputation,79
LLdecomp,79
phull,79
sinartra,79
butler,80
Rjmsjars,80
agilp,81
CCMtools,81
demogR,81
integrativeME,81
nnDiag,81
r2lUniv,81
Rearrangement,81
RMendeley,81
wild1,81
CircSpatial,82
geoPlot,82
log10,82
MFSAS,82
Rstem,82
WeedMap,82
xgrid,82
cxxPack,83
ig,83
MLEP,83
RJSONLD,83
SensusR,83
SlimPLS,83
speedRlibs,83
dynGraph,84
LargeRegression,84
mspath,84
RcmdrPlugin.PT,84
favir,85
gsheet,85
ISA,85
popPK,85
RGrace,85
RSearchYJ,85
VisCov,85
anoint,86
bigmatrix,86
gcolor,86
geneARMA,86
inferference,86
latticedl,86
LLN,86
mixedQF,86
plotAndPlayGTK,86
RthroughExcelWorkbooksInstaller,86
RWebMA,86
stochasticGEM,86
YjdnJlp,86
betfairly,87
BiGGR,87
HMMmix,87
inetwork,87
knnFinder,87
mirf,87
RGtk2DfEdit,87
SigTree,87
ToxLim,87
aratio,88
DeducerMMR,88
ISIPTA,88
mixfdr,88
multicore,88
ncvar,88
nlrq,88
SNPMaP,88
survJamda,88
diff,89
nprq,89
RScaLAPACK,89
staRt,89
ttime,89
TwslmSpikeWeight,89
VizCompX,89
anaglyph,90
iGenomicViewer,90
mlCopulaSelection,90
PL.popN,90
Rchemcpp,90
RSeqMeth,90
acer,91
MCLIME,91
nga,91
scope,91
TCC,91
vcf2geno,91
AIS,92
celsius,92
esd4all,92
GeneSOM,92
mrt,92
Peak2Trough,92
RcmdrPlugin.SensoMineR,92
review,92
rjacobi,92
sculpt3d,92
genomatic,93
openNLPmodels.en,93
openNLPmodels.es,94
edesign,95
mclust02,95
probemod,95
RSocrata,95
TAHMMAnnot,95
grasp,96
JLLprod,96
oposSOM,96
processdata,96
DWD,97
el.convex,97
femmeR,97
gamesNws,97
igraph0,97
ipptoolbox,97
ppstat,97
RcmdrPlugin.EHESsampling,97
sugaR,97
tradeCosts,97
CGene,98
coenoflex,98
fork,98
frbf,98
surveyNG,98
Umacs,98
gcl,99
hacks,99
maticce,99
ora,99
polydect,99
postCP,99
ROracleUI,99
titecrm,99
lago,100
PhySim,100
ProbeR,100
rankreg,100
Rstreams,100
SLmisc,100
dyad,101
flubase,101
qgen,101
rrdflibs,101
rrv,101
SNPMaP.cdm,101
zicounts,101
BootCL,102
DEA,102
modelcf,102
WMBrukerParser,102
hydrosanity,103
StateTrace,103
ares,104
ENA,104
Mangrove,104
MFDF,104
qtutils,104
sadists,104
EffectiveDose,105
FKBL,105
FLEDA,105
tutoR,105
RLastFM,106
RNCBIAxis2Libs,106
caretLSF,107
ComPairWise,107
Containers,107
grid,107
longRPart,107
MSToolkit,107
pRF,107
ExPD2D,108
lda.cv,108
lvplot,108
medAdherence,108
NetworkAnalysis,108
RiDMC,108
Rmdr,108
rscala,108
SDDE,108
stheoreme,108
cOde,109
CONOR,109
crosshybDetector,109
CTFS,109
sdtalt,109
xpose4specific,109
Geneclust,110
MLPAstats,110
qtpaint,110
SID,110
crq,111
Depela,111
RESS,111
spectrino,111
spssDDI,111
VhayuR,111
visualizationTools,111
xpose4classic,111
xpose4data,111
MultiChIPmixHMM,112
ncappc,112
nnclust,112
IQMNMR,113
JJcorr,113
PKmodelFinder,113
ssh.utils,113
treeglia,113
asuR,114
cusp,114
mecdf,114
RBrownie,114
RMessenger,114
similarityRichards,114
spatclus,114
TRIANGG,114
webchem,114
gtop,115
pls.pcr,115
xpose4generic,115
CFL,116
clusterCons,116
RiboSort,116
richards,116
RNCBI,116
SimHap,116
fuzzyOP,117
httk,117
msDilution,117
RImageJ,117
SHARE,117
FourierDescriptors,118
hoa,118
lemma,118
QTLNetworkR,118
auteur,119
cMonkey,119
CONORData,119
grnnR,119
mrdrc,119
mseq,119
pointRes,119
websockets,119
binarySimCLF,120
RExcelInstaller,120
ExomeCNV,121
GameTheory,121
GOFSN,121
hornpa,121
KOGMWU,121
MMST,121
msBreast,121
rtv,121
ttrTests,121
waveclock,121
bootfs,122
caretNWS,122
ReadImages,122
Rgbp,122
varmixt,122
yest,122
canvas,123
HGLMMM,123
Rknots,123
samplesize,123
FRBData,124
gmatrix,124
resper,124
AMA,125
mapReduce,125
orth,125
paltran,125
Ratings,125
RcmdrPlugin.SurvivalT,125
afc,126
DesignPatterns,126
digeR,126
futile,126
gmaps,126
nacopula,126
RSAP,126
sigma2tools,126
nonbinROC,127
RPgSQL,127
uroot,127
dprep,128
ggplot,128
kerfdr,128
msProstate,128
NSUM,128
RcmdrPlugin.doBy,128
rPorta,128
SVGMapping,128
gene2pathway,129
muUtil,129
surv2sample,129
vbmp,129
msProcess,130
orthogonalsplinebasis,130
RadialPlotter,130
rcompgen,130
RmSQL,130
ANN,131
BaSAR,131
biogas,131
segclust,131
arrayImpute,132
climwin,132
emg,132
LPTime,132
minet,132
mugnet,132
rconifers,132
realized,132
SSSR,132
AIGIS,133
bs,133
mvtBinaryEP,133
Sim.DiffProcGUI,133
twslm,133
distributions,134
FLCore,134
icomp,134
knorm,134
marginTree,134
qtbase,134
boost,135
EquiNorm,135
GRRGI,135
lmPerm,135
QT,135
ESPRESSO,136
ggenealogy,136
ImageMetrics,136
MVpower,136
Rassoc,136
tapiR,136
clifro,137
MCE,137
uncompress,137
BerkeleyEarth,138
CalciOMatic,138
connectedness,138
stream.net,138
SubpathwayMiner,138
bicreduc,139
stmCorrViz,139
ClinicalRobustPriors,140
HighProbability,140
arrayMissPattern,141
BiomarkeR,141
delftfews,141
pgfSweave,141
bise,142
grasper,142
joint.Cox,142
multmod,142
MVPARTwrap,142
predbayescor,142
simco,142
simPopulation,142
tdist,142
ccems,143
dynamo,143
RelativeRisk,143
dse2,144
REGENT,144
DRI,145
dse1,145
GridR,145
KsPlot,145
NMRS,145
PAGWAS,145
Rjms,145
RLadyBug,145
bcool,146
caGUI,146
iFes,146
verify,146
Barnard,147
RC,147
CAVIAR,148
gcExplorer,148
ieeeround,148
roxygen,148
bivpois,149
SpectralGEM,149
boolfun,150
laketemps,150
logregperm,150
P2C2M,150
Binarize,151
corrperm,151
marginalmodelplots,151
RII,151
rrdf,151
CAM,152
glmperm,152
knnflex,152
ljr,152
mlica,152
PoisBinNonNor,152
qAnalyst,152
DOSim,153
GAMens,153
PenLNM,153
aaMI,154
amba,154
FEST,154
ipw,154
parser,154
backfitRichards,155
muS2RC,155
RpgSQL,155
ARTIVA,156
mma,157
momentchi2,157
mvtnormpcs,157
nice,157
RfmriVC,157
stochmod,157
UScensus2000add,157
HTMLapplets,158
MMG,158
FinCovRegularization,159
Rvelslant,159
SQLiteMap,159
vabayelMix,159
WINRPACK,159
emIRT,160
Read.isi,160
SparseLogReg,160
amer,161
bootnet,161
cimis,161
clusterSEs,161
muRL,161
ppc,161
SurvCorr,161
MTSKNN,162
proptest,162
WideLM,162
dplRCon,163
RVowpalWabbit,163
calib,164
CarbonEL,164
CARramps,165
DICOM,165
dseplus,165
MLDA,165
hot,166
jit,166
Rsge,166
cqrReg,167
RcmdrPlugin.MAd,167
sprex,167
TinnR,167
aCGH.Spline,168
wmlf,168
compOverlapCorr,169
gmvalid,169
itsadug,169
JointGLM,170
Rniftilib,170
rwm,170
SigWinR,170
mprobit,171
nltm,171
svcR,171
BayesQTLBIC,172
biOpsGUI,172
classPP,173
gbev,173
GenForImp,173
afmtools,174
hints,174
RcppTemplate,174
showtextdb,174
Conake,175
mapLD,175
rake,175
ResearchMethods,175
CARrampsOcl,176
clines,176
adk,177
edci,177
metrumrg,177
ant,179
signalextraction,179
lancet.iraqmortality,180
LLAhclust,180
lodplot,180
mutatr,180
papply,180
RSiteSearch,180
ARES,181
FracSim,181
GeneNT,181
monoProc,181
rivr,181
time,181
CvM2SL1Test,182
M3,182
wahc,182
ADaCGH,183
TRIANG,183
VaR,183
Animal,184
RcmdrPlugin.Export,184
ddesolve,185
snpStatsWriter,185
colbycol,186
nFDR,186
pbdDEMO,186
TSAgg,186
JointModeling,187
limma,188
rimage,188
sma,188
compendiumdb,189
epsi,189
LearnEDA,189
pinktoe,189
PogromcyDanych,189
CvM2SL2Test,190
Rfwdmv,190
WMTregions,190
gWidgetsrJava,192
MCMChybridGP,192
emu,193
gcbd,193
mmlcr,193
glpk,194
SurvLong,194
translate,194
knnTree,196
ncdf4.helpers,196
StochKit2R,196
clac,197
hdf5,197
ihs,197
phpSerialize,197
sprint,197
bigpca,198
CompetingRiskFrailty,198
BAMD,199
UScensus2000,199
exactmaxsel,200
gmnl,200
RcmdrPlugin.MAc,200
latticist,201
REBayes,201
permGPU,202
adapt,203
EVER,204
kernelPop,204
sampfling,204
scaleboot,204
SDisc,204
tRakt,204
mixstock,205
pullword,206
rrp,206
birch,207
StatFingerprints,207
fastpseudo,208
mmpp,209
HumMeth27QCReport,210
RAppArmor,210
coxsei,211
magma,211
SDDA,211
ElectroGraph,212
pvrank,212
Rsac,212
urn,213
setwidth,214
synchronicity,215
agce,216
disparityfilter,216
R4dfp,216
RcmdrPlugin.qcc,216
HIBAG,217
HiPLARM,217
bigGP,218
pbdDMAT,218
qvalue,219
SeqKnn,219
catmap,220
clustTool,221
iid.test,221
QRMlib,221
RPPanalyzer,221
EMV,222
GAabbreviate,222
gdsfmt,222
glmmAK,222
TGUICore,222
BPHO,223
CEoptim,223
gcmrec,223
pcurve,223
TwoWaySurvival,224
coloredICA,225
lodGWAS,225
xlsReadWrite,225
delt,226
mapDK,226
RghcnV3,226
treeClust,226
fEcofin,227
GDD,227
PoMoS,227
precintcon,227
copas,228
ddepn,228
forecasting,229
pbdBASE,229
wccsom,230
glba,231
stocks,232
TGUITeaching,233
VBmix,233
graph,234
noverlap,234
UScensus2000blkgrp,234
LLSR,235
wkb,235
multic,236
Rigroup,236
sspir,236
babar,239
bigalgebra,239
biOps,239
COZIGAM,239
ncomplete,239
npmc,240
pmclust,240
modMax,242
rqmcmb2,242
gWidgetsWWW,243
RVFam,243
daff,244
VDCutil,245
frmpd,246
lbfgsb3,247
RLMM,247
survBayes,247
Causata,248
HFWutils,248
hisse,248
nFCA,248
RDieHarder,249
permax,250
bim,251
cacher,251
cit,251
TSpadi,252
fdrDiscreteNull,253
linbin,253
scapeMCMC,253
BOG,254
CORREP,254
rjade,254
fUtilities,255
NMMAPSlite,255
presens,255
anm,256
rJavax,256
moc,258
Rpad,258
PKtools,259
USPS,260
BioIDMapper,261
gafit,262
randomSurvivalForest,262
Rhpc,262
BayesSummaryStatLM,264
maanova,265
multtest,265
panel,265
SharedHT2,266
CopulaREMADA,267
npIntFactRep,267
pampe,267
visova,267
impute,269
cds,271
smbinning,271
tmg,271
gpls,272
minimist,272
Rborist,272
AsynchLong,273
qrNLMM,273
ldDesign,274
phytotools,274
syuzhet,274
convexHaz,275
RFA,275
ivpanel,276
mldr,276
chplot,277
fgpt,277
IBDLabels,277
rNMF,277
stepR,277
multirich,278
SegCorr,278
boottol,279
sgPLS,279
TWIX,280
HistDAWass,281
sgt,281
SRPM,281
tscount,281
GaDiFPT,283
gaselect,283
MazamaSpatialUtils,283
fdim,285
TKF,285
DierckxSpline,286
diamonds,287
hopach,287
rcom,288
bark,290
cplexAPI,290
lsbclust,291
OpenCL,292
gelnet,294
SQLiteDF,294
genderizeR,295
cyclones,296
climatol,298
DNMF,298
LMGene,298
UBCRM,298
caMassClass,299
MetNorm,300
nestedRanksTest,300
SimilarityMeasures,301
BSGS,302
DiagnosisMed,302
MiscPsycho,303
survRM2,304
semsfa,305
rsatscan,306
condMVNorm,307
kinship,308
Sabermetrics,308
CoCo,311
locfdr,312
graphscan,314
MIfuns,315
RSQLite.extfuns,315
rLTP,318
plink,319
PoisNonNor,319
spatialEco,319
FunNet,321
RPPairwiseDesign,322
RcppOctave,324
decode,325
FedData,325
sound,325
RBGL,326
rr,326
stagePop,326
divo,327
SETPath,327
mimR,328
reproducer,328
eco,329
odesolve,329
Rcplex,332
poisDoubleSamp,337
StanHeaders,337
fCalendar,338
SVMMatch,339
ATE,340
infra,340
cccp,342
Snowball,343
trio,343
netgen,344
PDQutils,344
shinyTree,344
mousetrack,345
FastKNN,346
lba,346
concord,348
COMMUNAL,349
SNPRelate,349
changeLOS,350
Devore6,350
Icens,350
glmm,351
mvnpermute,351
randomizr,351
Rlibeemd,351
WhopGenome,351
brlr,353
Rsampletrees,355
TSjson,355
SAENET,356
CADStat,360
RTisean,361
rlm,362
cacheSweave,363
FCMapper,363
mvpart,363
GeneTS,365
hbm,365
roughrf,367
fSeries,368
multiAssetOptions,369
PoisBinOrd,373
rpud,377
netassoc,378
BradleyTerry,379
BARD,382
SocialPosition,382
dbConnect,383
RcppStreams,383
rzmq,384
xgobi,385
ZIGP,385
flower,387
probFDA,387
quantification,387
faisalconjoint,388
kissmig,389
sae2,389
LeafArea,390
RDota,390
HTSDiff,392
ClueR,396
ICAFF,396
analyz,399
TRD,400
boolean,401
mountainplot,401
partialAR,404
cchs,409
ppmlasso,409
git2r,410
TAQMNGR,413
opmdata,417
blmeco,418
rebus,418
ssize.fdr,418
UNF,418
Metabonomic,419
BinOrdNonNor,420
GOplot,420
pacman,420
compareC,421
js,421
SoPhy,426
Devore5,428
funtimes,432
bigtabulate,433
drat,436
fitbitScraper,436
textreg,436
cudaBayesreg,437
pamctdp,439
RHmm,443
ifa,444
Factoshiny,445
powerr,445
Quor,447
cope,448
Kernelheaping,449
rglobi,449
gsw,450
onls,451
Rmosek,451
radir,452
nlrwr,453
nLTT,457
DVHmetrics,463
EcoGenetics,463
bigrf,464
sievetest,469
doMPI,470
ppiPre,471
MaxPro,472
pkgutils,473
ald,477
pathological,477
ABCanalysis,478
pointdensityP,478
qicharts,481
subgroup,481
gregmisc,482
elastic,484
qdm,485
SpatPCA,485
brewdata,488
lfl,489
NORTARA,489
CGIwithR,492
treelet,492
Design,493
bamboo,500
rfUtilities,503
opm,506
tvd,506
medflex,508
m4fe,511
rkvo,511
readGenalex,514
conformal,515
SEAsic,517
rFDSN,520
BNPTSclust,522
MATA,522
sensory,522
treatSens,526
ucbthesis,527
gputools,529
ESEA,530
smacpod,530
trackObjs,530
jwutil,531
slfm,533
MPCI,536
mvctm,539
VarEff,539
clusthaplo,540
FACTscorer,543
integrOmics,544
mdscore,547
safi,547
somebm,547
spca,548
mfblock,549
orca,549
kpodclustr,550
regRSM,550
rvTDT,550
sanitizers,550
vudc,550
wrassp,550
repra,551
mztwinreg,552
pRSR,552
thermocouple,552
xtal,553
vbsr,554
metafolio,555
smac,555
hddtools,556
toxtestD,556
trueskill,556
GOSim,558
qualCI,558
rLindo,558
trotter,559
extlasso,560
rSCA,561
ssd,561
sensitivitymv,562
sensitivitymw,562
uniftest,563
interferenceCI,564
pBrackets,564
TcGSA,564
snpar,565
Defaults,566
WCE,566
fsia,567
quad,567
stacomirtools,567
straweib,567
mppa,568
spatialnbda,568
speccalt,568
POT,569
persiandictionary,570
shuffle,570
childsds,573
mvprpb,573
rgabriel,573
vbdm,573
mixor,574
propOverlap,574
QCAtools,574
saps,574
sprsmdl,574
multiband,575
PANDA,575
radar,575
saery,575
skda,575
ggHorizon,576
phyreg,576
rivernet,576
SeqFeatR,576
noweb,577
sbioPN,577
sparc,577
sudokuAlt,577
USAboundaries,577
emplik2,578
nmcdr,578
palinsol,578
pbs,578
prinsimp,578
rmp,578
sparseSEM,578
stima,578
AdapEnetClass,579
betas,579
smoother,579
topsis,579
EFDR,580
genpathmox,580
logbin,580
seedy,580
seqPERM,580
tsc,581
anfis,582
wpp2010,582
dst,583
GenWin,583
mycobacrvR,583
sealasso,583
twoStageGwasPower,583
ibelief,584
jointPm,584
severity,584
mcc,585
mpcv,585
mreg,585
mvrtn,585
rsubgroup,585
empiricalFDR.DESeq2,586
obs.agree,586
sld,586
polyaAeppli,587
ruv,587
npbr,588
pSI,588
tibbrConnector,588
tictoc,588
MarkedPointProcess,589
peacots,589
pmcgd,589
sp23design,589
tipom,589
tosls,589
hrr,590
pcg,590
rawFasta,590
vscc,590
praktikum,591
ringbuffer,591
iosmooth,592
patchSynctex,592
reccsim,592
ropensecretsapi,592
wpp2008,592
wrspathrowData,592
lunar,593
witness,593
accuracy,594
scar,594
smdata,594
sonicLength,594
gCat,595
msgpackR,595
TaoTeProgramming,595
vdg,595
myTAI,596
prognosticROC,596
iRepro,597
landpred,597
multispatialCCM,597
rvHPDT,597
seem,597
nCDunnett,598
nose,598
poplite,598
memuse,599
MSIseq,599
tpe,599
hcp,600
leaderCluster,600
saeSim,600
hqmisc,601
ocean,601
samplingEstimates,601
sjdbc,601
snapshot,601
STPGA,601
tcR,601
TSMySQL,601
gSeg,602
pom,602
ScoreGGUM,602
vecsets,602
hwwntest,603
mph,603
ordinalgmifs,603
qLearn,603
recalls,603
VLF,603
jvmr,604
lshorth,604
sparsediscrim,605
convevol,606
p2distance,606
SQDA,606
cutoffR,607
ionflows,607
mnormpow,607
ncg,607
neuroblastoma,607
RadTran,607
rHpcc,607
rsdepth,607
obliclus,608
pln,608
PolyPatEx,608
transport,608
tuple,608
metaMix,610
peplib,610
r2stl,610
rBeta2009,610
rbitcoinchartsapi,610
rivervis,610
simSummary,610
stosim,610
subrank,610
toaster,610
mlPhaser,611
rms.gof,611
RsimMosaic,611
SRCS,611
ivprobit,612
linkR,612
MultiMeta,612
multinbmod,612
ops,612
regpro,612
simplexreg,612
kcirt,613
matpow,613
nettools,613
physiology,613
seqDesign,613
tightClust,613
SubCultCon,614
ltbayes,615
pcaL1,615
preseqR,615
probsvm,615
scio,615
sigloc,615
pairedCI,616
RegClust,616
rrBlupMethod6,616
splusTimeSeries,616
threg,616
kmlcov,617
mewAvg,617
restorepoint,617
sdwd,617
smco,617
ArfimaMLM,618
pairheatmap,618
PhyActBedRest,618
sdcTarget,618
StrainRanking,618
growfunctions,619
jtrans,619
musicNMR,619
powerAnalysis,619
mlica2,620
netClass,620
popKorn,620
sglr,620
twostageTE,620
widals,620
grppenalty,621
lpmodeler,621
randomizeBE,622
SOD,622
spatialTailDep,622
uniReg,622
globalGSA,623
opentraj,623
panelaggregation,623
pdR,623
RCMIP5,623
rGammaGamma,623
RMKdiscrete,623
RoughSetKnowledgeReduction,623
rUnemploymentData,623
finiteruinprob,624
medSTC,624
MultNonParam,624
rationalfun,624
sprm,624
wrspathrow,624
hiddenf,625
nlsmsn,625
refund.wave,625
rodd,625
sisVIVE,625
hcci,626
ocedata,626
rareGE,626
sotkanet,626
sptm,626
WaveletComp,626
repfdr,627
rportfolios,627
simrel,627
ssvd,627
svDialogstcltk,627
walkscoreAPI,627
HomoPolymer,628
iC10TrainingData,628
kintone,628
parallelMCMCcombine,628
rCMA,628
SCORER2,628
siRSM,628
slp,628
smnet,628
vetools,628
notifyR,629
parallelize.dynamic,629
pragma,629
represent,629
uskewFactors,629
PLordprob,630
rngSetSeed,630
rTensor,630
selectspm,630
spanr,630
spcov,630
sporm,630
tfer,630
windex,630
hasseDiagram,631
lsdv,631
mseapca,631
sse,631
hsicCCA,632
ivfixed,632
quipu,632
sla,632
SPAr,632
spatial.gev.bma,632
trifield,632
ebSNP,633
genMOSSplus,633
NB,633
nsgp,633
RConics,633
rDVR,633
rstackdeque,633
TeachNet,633
interventionalDBN,634
lakemorpho,634
refset,634
sanon,634
soilprofile,634
linLIR,635
PCDSpline,635
prc,635
rnaseqWrapper,635
spiders,635
vartors,635
mmeln,636
myepisodes,636
rpart.utils,636
saccades,636
sROC,636
sybilcycleFreeFlux,636
threeboost,636
TRSbook,636
ecoval,637
heatex,637
htmltab,637
labeledLoop,637
lpint,637
maboost,637
nat.templatebrains,637
NISTunits,637
qrLMM,637
segmag,637
smirnov,637
WMDB,637
wux,637
cquad,638
ibeemd,638
lctools,638
logitchoice,638
makeProject,638
netweavers,638
noncensus,638
pesticides,638
Rjpstatdb,638
RmixmodCombi,638
rtape,638
s2dverification,638
sitools,638
spdynmod,638
svHttp,638
TwoCop,638
UWHAM,638
WCQ,638
gammSlice,639
nlWaldTest,639
ORCI,639
rowr,639
spt,639
hermite,640
mlDNA,640
orgR,640
Table1Heatmap,640
AncestryMapper,641
cuttlefish.model,641
JudgeIt,641
lvm4net,641
lxb,641
miRada,641
nat.nblast,641
optR,641
pauwels2014,641
trimTrees,641
Watersheds,641
gPCA,642
LinCal,642
logconPH,642
megaptera,642
MOrder,642
phreeqc,642
snipEM,642
sortinghat,642
statfi,642
xhmmScripts,642
diskmemoiser,643
gpr,643
hint,643
ilc,643
linkim,643
longCatEDA,643
mmds,643
nontargetData,643
parboost,643
rncl,643
rtype,643
sesem,643
synchrony,643
dynia,644
MILC,644
PharmPow,644
predfinitepop,644
proteomics,644
rdrobust,644
recosystem,644
rvalues,644
SimplicialCubature,644
spareserver,644
medicalrisk,645
MLRMPA,645
ParentOffspring,645
RFmarkerDetector,645
robustvarComp,645
RStars,645
rtdists,645
sqlshare,645
stochprofML,645
epi2loc,646
minimax,646
RCryptsy,646
rsml,646
soc.ca,646
specificity,646
stressr,646
switchnpreg,646
sybilccFBA,646
digitalPCR,647
maSAE,647
mded,647
MetFns,647
PGM2,647
phalen,647
qVarSel,647
RAMP,647
seawaveQ,647
stilt,647
tagcloud,647
ThreeArmedTrials,647
TInPosition,647
falcon,648
mdsdt,648
mipfp,648
MultiCNVDetect,648
patchDVI,648
PEMM,648
phylin,648
RYoudaoTranslate,648
source.gist,648
srd,648
StandardizeText,648
viopoints,648
W3CMarkupValidator,648
webvis,648
clim.pact,649
MC2toPath,649
msos,649
qtlmt,649
RBPcurve,649
weirs,649
widenet,649
x.ent,649
FunctionalNetworks,650
jackstraw,650
optiscale,650
psData,650
selfingTree,650
gpk,651
mopsocd,651
pawacc,651
relSim,651
RGenetics,651
samplesize4surveys,651
SRRS,651
hypothesestest,652
mcheatmaps,652
mGSZ,652
sitar,652
ssfit,652
btf,653
documair,653
managelocalrepo,653
networkreporting,653
occ,653
regexr,653
RI2by2,653
sddpack,653
ttwa,653
assist,654
reconstructr,654
rfordummies,654
rHealthDataGov,654
RootsExtremaInflections,654
saves,654
superMDS,654
virtualspecies,654
WhiteStripe,654
glmlep,655
marqLevAlg,655
MCAvariants,655
mobForest,655
mtk,655
PIGE,655
rbiouml,655
Rchoice,655
RGENERATEPREC,655
vectoptim,655
EMDomics,656
MareyMap,656
mvtmeta,656
networkDynamicData,656
nscancor,656
rbmn,656
sads,656
semiArtificial,656
shopifyr,656
SOLOMON,656
sparktex,656
trajectories,656
trioGxE,656
ustyc,656
gensemble,657
gIPFrm,657
idbg,657
intRegGOF,657
orclus,657
qgtools,657
rforensicbatwing,657
subsemble,657
TSEN,657
Xmisc,657
insuranceData,658
ipfp,658
measuRing,658
metap,658
MVar.pt,658
optAUC,658
prettyunits,658
rDEA,658
rjstat,658
RMOAjars,658
tsbridge,658
vdmR,658
intpoint,659
lmenssp,659
PlotRegionHighlighter,659
snpRF,659
spcr,659
sprinter,659
ThresholdROC,659
W2CWM2C,659
enRich,660
OrdLogReg,660
RAP,660
rqPen,660
thgenetics,660
wtcrsk,660
glrt,661
goft,661
MRSP,661
NPMVCP,661
rprintf,661
hcc,662
HiLMM,662
multivator,662
pdmod,662
rtematres,662
splusTimeDate,662
sweidnumbr,662
arnie,663
eegkitdata,663
lefse,663
morse,663
popsom,663
diaplt,664
FreeSortR,664
gconcord,664
ica,664
MGL,664
rareNMtests,664
rseedcalc,664
RTextureMetrics,664
sGPCA,664
SSrat,664
tbdiag,664
WordPools,664
cycloids,665
HK80,665
mvglmmRank,665
paf,665
svgViewR,665
coreTDT,666
farsi,666
pedometrics,666
qPCR.CT,666
simTool,666
subtype,666
easynls,667
growthmodels,667
hydroApps,667
lorec,667
mbest,667
numOSL,667
phenmod,667
RidgeFusion,667
RIFS,667
rnrfa,667
UPMASK,667
frmhet,668
omd,668
proteomicdesign,668
r2d2,668
resemble,668
SEER2R,668
softclassval,668
TEEReg,668
eigenprcomp,669
evt0,669
JMdesign,669
Map2NCBI,669
mpMap,669
pycno,669
reportRx,669
STEPCAM,669
survexp.fr,669
interAdapt,670
isopat,670
pathdiagram,670
pcIRT,670
QCGWAS,670
Ridit,670
SPREDA,670
SynergizeR,670
grnn,671
Hankel,671
micropan,671
PROTOLIDAR,671
rplotengine,671
SMCRM,671
TERAplusB,671
tlm,671
dagbag,672
remote,672
SBRect,672
sdprisk,672
sglasso,672
smss,672
SphericalK,672
txtplot,672
fuzzyMM,673
gRapfa,673
hapsim,673
hillmakeR,673
kofnGA,673
migration.indices,673
PLRModels,673
ROC632,673
shp2graph,673
dcGOR,674
dfcomb,674
eulerian,674
freeknotsplines,674
madsim,674
MCS,674
RAdwords,674
wordmatch,674
MConjoint,675
memgene,675
Myrrixjars,675
ncbit,675
neuroim,675
OpenMPController,675
smdc,675
SOR,675
Statomica,675
TimeMachine,675
aprean3,676
choiceDes,676
highD2pop,676
lmf,676
logcondens.mode,676
snht,676
timeseriesdb,676
wavemulcor,676
zCompositions,676
dbEmpLikeNorm,677
isingLenzMC,677
mQTL,677
nicheROVER,677
pass,677
rYoutheria,677
secrlinear,677
spacejam,677
statar,677
suRtex,677
ternvis,677
distfree.cr,678
ForIT,678
ISOpureR,678
ivlewbel,678
neariso,678
pumilioR,678
rcbalance,678
Ritc,678
RTConnect,678
RWBP,678
Sequential,678
SPIAssay,678
SubLasso,678
traj,678
DEEPR,679
gambin,679
gemtc.jar,679
GSAgm,679
MortalitySmooth,679
multxpert,679
picasso,679
PropScrRand,679
PTE,679
rrules,679
RSADBE,679
sdef,679
semisupKernelPCA,679
spThin,679
frt,680
govStatJPN,680
knnIndep,680
partialOR,680
RankResponse,680
Rcell,680
sfa,680
spcadjust,680
sybilDynFBA,680
tlmec,680
UScancer,680
hamlet,681
inflection,681
MF,681
morgenstemning,681
shinybootstrap2,681
StatMethRank,681
waffect,681
xoi,681
eegkit,682
elliplot,682
fmt,682
hazus,682
iccbeta,682
iDynoR,682
lmeVarComp,682
localsolver,682
MedOr,682
pqantimalarials,682
QualInt,682
SCEPtERbinary,682
synlik,682
VaRES,682
bayesDccGarch,683
blsAPI,683
covreg,683
GCAI.bias,683
GENLIB,683
kmconfband,683
mycor,683
PropClust,683
SCperf,683
SpecsVerification,683
aplore3,684
bootSVD,684
genasis,684
MiST,684
ordBTL,684
SelvarMix,684
SimuChemPC,684
VizOR,684
cents,685
FPDclustering,685
hypergea,685
kappaSize,685
Myrrix,685
plmm,685
relaxnet,685
Rrdrand,685
SNPtools,685
ergmharris,686
GeneticSubsetter,686
icapca,686
needy,686
plusser,686
pmlr,686
spi,686
spsmooth,686
structSSI,686
svdvisual,686
svyPVpack,686
breakaway,687
drsmooth,687
homeR,687
lpme,687
RelValAnalysis,687
SensitivityCaseControl,687
Simpsons,687
tumblR,687
weightedScores,687
ZeBook,687
hnp,688
mistat,688
mizer,688
Paneldata,688
RMRAINGEN,688
dsample,689
fastSOM,689
geesmv,689
HIV.LifeTables,689
ltsbase,689
mlgt,689
partDSA,689
pnmtrem,689
ROI.plugin.symphony,689
sExtinct,689
sns,689
VoxR,689
GRASS,690
incReg,690
itertools2,690
lar,690
OptInterim,690
plmDE,690
qrfactor,690
Rdsdp,690
rsunlight,690
spark,690
support.BWS,690
swfscMisc,690
chromer,691
discrimARTs,691
DOvalidation,691
metaplus,691
clinUtiDNA,692
corTools,692
cosmosR,692
federalregister,692
flam,692
icamix,692
isotonic.pen,692
MixtureInf,692
msgps,692
multiDimBio,692
polidata,692
reams,692
resample,692
rpartitions,692
rSPACE,692
tabuSearch,692
unittest,692
EffectTreat,693
extraBinomial,693
gimme,693
gtcorr,693
ivbma,693
l2boost,693
multiplex,693
netgsa,693
partitionMetric,693
PubBias,693
SphericalCubature,693
twiddler,693
varbvs,693
XNomial,693
zendeskR,693
cpa,694
fgof,694
hot.deck,694
iWeigReg,694
ktspair,694
meteogRam,694
OneTwoSamples,694
SEchart,694
semGOF,694
YPmodel,694
dkDNA,695
dpglasso,695
fugeR,695
monitoR,695
nlsem,695
NPBayesImpute,695
patchPlot,695
quint,695
RApiSerialize,695
rAvis,695
RDML,695
ringscale,695
sharpshootR,695
symbolicDA,695
ALTopt,696
erpR,696
ggswissmaps,696
lineup,696
modiscloud,696
mpath,696
recommenderlabJester,696
rucm,696
smam,696
vacem,696
astrolibR,697
funreg,697
heatmapFit,697
label.switching,697
PLSbiplot1,697
SeqGrapheR,697
spaceExt,697
TauP.R,697
DoubleExpSeq,698
gaoptim,698
InferenceSMR,698
mcmcse,698
nppbib,698
phenex,698
RHT,698
RockFab,698
RSurveillance,698
SODC,698
wildlifeDI,698
gldist,699
GWsignif,699
itree,699
leapp,699
MATTOOLS,699
multipleNCC,699
onlinePCA,699
OutrankingTools,699
penDvine,699
SNPMClust,699
spnet,699
Eplot,700
glassomix,700
hpcwld,700
IASD,700
iki.dataclim,700
interpretR,700
MsatAllele,700
packS4,700
phcfM,700
qqtest,700
slackr,700
smart,700
soilwater,700
survAccuracyMeasures,700
wgsea,700
oem,701
pt,701
RealVAMS,701
ReorderCluster,701
RPANDA,701
Sample.Size,701
smfsb,701
SPIn,701
visualize,701
LDAvis,702
panelAR,702
PIGShift,702
QoLR,702
ROCwoGS,702
sdmvspecies,702
bcpmeta,703
beadarrayFilter,703
branchLars,703
gskat,703
sss,703
aemo,704
densityClust,704
ecipex,704
episplineDensity,704
ezglm,704
humanFormat,704
lm.br,704
lmms,704
mme,704
mp,704
nlsMicrobio,704
normwhn.test,704
revealedPrefs,704
sdnet,704
shrink,704
svapls,704
discreteMTP,705
frair,705
loe,705
miscset,705
objectProperties,705
pedgene,705
PF,705
pgs,705
RDIDQ,705
sensitivityPStrat,705
timeit,705
cpk,706
GESTr,706
gpmap,706
KODAMA,706
mvinfluence,706
PCGSE,706
PRROC,706
recommenderlabBX,706
ri,706
RobRSVD,706
simPop,706
smoothie,706
TiddlyWikiR,706
edeR,707
ExtDist,707
limitplot,707
mmm2,707
turfR,707
BACA,708
deamer,708
Gammareg,708
jomo,708
ManyTests,708
mcll,708
NPsimex,708
npsm,708
optrees,708
poisson.glm.mix,708
ScrabbleScore,708
tmap,708
Voss,708
emdatr,709
HMMpa,709
ibmdbR,709
mxkssd,709
Rdistance,709
robcor,709
Rwinsteps,709
SCBmeanfd,709
stremo,709
SUE,709
tourrGui,709
coexist,710
diffeR,710
MGLM,710
packHV,710
ParetoPosStable,710
polySegratio,710
PortRisk,710
PsumtSim,710
qlcMatrix,710
RMOA,710
rspear,710
strataG,710
CpGFilter,711
dinamic,711
extWeibQuant,711
fishMod,711
NLRoot,711
objectSignals,711
PHENIX,711
pheno2geno,711
plotMCMC,711
sdtoolkit,711
statcheck,711
TreatmentSelection,711
cumplyr,712
GlobalDeviance,712
mkssd,712
npsp,712
PatternClass,712
PedCNV,712
PROFANCY,712
RVsharing,712
atmcmc,713
cdb,713
compareODM,713
embryogrowth,713
hybridEnsemble,713
MBI,713
nephro,713
phenability,713
rbefdata,713
Records,713
RSeed,713
s4vd,713
sae,713
SEMID,713
smaa,713
SocialNetworks,713
sparseLTSEigen,713
SPMS,713
survivalMPL,713
Wats,713
binr,714
dotenv,714
emil,714
fcd,714
fitDRC,714
MDSGUI,714
msda,714
mvsf,714
oaxaca,714
packClassic,714
drgee,715
EasyStrata,715
gapmap,715
gsscopu,715
MixedTS,715
NBDdirichlet,715
nplr,715
phaseR,715
popRange,715
statebins,715
stocc,715
stppResid,715
dfmta,716
DivE,716
hashFunction,716
hoardeR,716
namespace,716
PAGI,716
rClinicalCodes,716
Rdpack,716
readstata13,716
rgauges,716
zooimage,716
caseMatch,717
censNID,717
dissUtils,717
GAIPE,717
minxent,717
nopp,717
parfm,717
signal.hsmm,717
spa,717
glmmGS,718
liso,718
lmmot,718
MGRASTer,718
mpmi,718
RcppDL,718
sperich,718
sperrorest,718
biganalytics,719
bioPN,719
citccmst,719
EBEN,719
FLR,719
geotools,719
infutil,719
LDRTools,719
LOGICOIL,719
matR,719
primerTree,719
SE.IGE,719
sirad,719
flowfield,720
hiPOD,720
mkde,720
mlxR,720
orderbook,720
RSvgDevice,720
skatMeta,720
TapeR,720
TDboost,720
upclass,720
cabootcrs,721
ERP,721
evolvability,721
FGalgorithm,721
FluOMatic,721
oro.pet,721
protoclass,721
RMallow,721
RNCBIEUtilsLibs,721
seqCBS,721
DDIwR,722
FDGcopulas,722
hawkes,722
HDtweedie,722
HW.pval,722
IDPSurvival,722
kitagawa,722
MCMC.OTU,722
miP,722
NScluster,722
nsga2R,722
pcrcoal,722
pnn,722
pocrm,722
PoisNor,722
restlos,722
SECP,722
smcure,722
write.snns,722
clusterGenomics,723
crblocks,723
crossReg,723
cubfits,723
cxxfunplus,723
eegAnalysis,723
fitTetra,723
GWG,723
highTtest,723
historydata,723
indicoio,723
matie,723
MExPosition,723
mvc,723
plus,723
RAM,723
scout,723
crackR,724
dams,724
EMMIXcontrasts,724
fastM,724
gbRd,724
HSSVD,724
OOmisc,724
PepPrep,724
RVideoPoker,724
Tsphere,724
udunits2,724
uplift,724
bbefkr,725
DynamicDistribution,725
exptest,725
FatTailsR,725
LDPD,725
loop,725
LTR,725
MorseGen,725
MultiSV,725
mwaved,725
oncomodel,725
pez,725
rags2ridges,725
referenceIntervals,725
RPCLR,725
ssmrob,725
TDD,725
ttScreening,725
eyetracking,726
fwi.fbp,726
kelvin,726
knockoff,726
LindenmayeR,726
lsgl,726
NormalLaplace,726
rorutadis,726
rPref,726
RStorm,726
sampSurf,726
semdiag,726
SimultAnR,726
smoothHR,726
SNSequate,726
sparseBC,726
stellaR,726
streamMOA,726
cstar,727
fastHICA,727
helsinki,727
HMMCont,727
Iboot,727
minque,727
ODMconverter,727
pacbpred,727
RAPIDR,727
VideoComparison,727
gtx,728
hglasso,728
MatchingFrontier,728
mpa,728
Mposterior,728
NEff,728
parfossil,728
prLogistic,728
Rivivc,728
spectral.methods,728
VNM,728
dcmr,729
directPA,729
displayHTS,729
drawExpression,729
esotericR,729
FeatureHashing,729
KANT,729
kolmim,729
MMMS,729
MPINet,729
multibiplotGUI,729
psidR,729
RapidPolygonLookup,729
rio,729
someKfwer,729
superdiag,729
wombsoft,729
archiDART,730
CombinePValue,730
deming,730
ecoretriever,730
EMVC,730
inarmix,730
lllcrc,730
replicationInterval,730
SparseTSCGM,730
surveydata,730
zoeppritz,730
cooptrees,731
fdrci,731
gset,731
KappaGUI,731
ltmle,731
mem,731
neuRosim,731
softImpute,731
sybilSBML,731
tabplotd3,731
astrodatR,732
descomponer,732
dils,732
hzar,732
MRsurv,732
rbundler,732
saemix,732
sideChannelAttack,732
snplist,732
synthpop,732
track,732
InPosition,733
ktsolve,733
miniGUI,733
PIPS,733
PopGenKit,733
R2G2,733
robustfa,733
smcUtils,733
SML,733
SNFtool,733
somplot,733
spfrontier,733
sspline,733
SunterSampling,733
apmsWAPP,734
elec.strat,734
enrichvs,734
InvariantCausalPrediction,734
MPAgenomics,734
msBP,734
SMR,734
SynchWave,734
treecm,734
condmixt,735
ExactPath,735
fisheyeR,735
FormalSeries,735
glinternet,735
hierNet,735
iC10,735
Methplot,735
NHEMOtree,735
qlspack,735
RcppClassicExamples,735
RGIFT,735
robeth,735
Rsomoclu,735
SPmlficmcm,735
bnpmr,736
FREQ,736
GPCSIV,736
holdem,736
iqLearn,736
IsoCI,736
JASPAR,736
logitnorm,736
lrmest,736
marg,736
obsSens,736
rCarto,736
retistruct,736
RunuranGUI,736
SMFI5,736
truncSP,736
wSVM,736
conics,737
diffdepprop,737
EstSimPDMP,737
expp,737
GRTo,737
HiCseg,737
hwriterPlus,737
lisp,737
mads,737
MenuCollection,737
metaLik,737
nodiv,737
PlayerRatings,737
raters,737
rPlant,737
sharx,737
comclim,738
geneSignatureFinder,738
labeltodendro,738
MFHD,738
mmm,738
OrdNor,738
potts,738
pushoverr,738
rite,738
rplexos,738
sdcMicroGUI,738
sparsenet,738
sra,738
CP,739
fExpressCertificates,739
genepi,739
LGS,739
metasens,739
mgraph,739
rclinicaltrials,739
RcppAnnoy,739
RDataCanvas,739
rWBclimate,739
alleHap,740
dataQualityR,740
DiscreteWeibull,740
fdakma,740
groc,740
HEAT,740
MonoPoly,740
parmigene,740
partitionMap,740
SHIP,740
SoundexBR,740
vitality,740
DBFTest,741
fftwtools,741
FI,741
icensmis,741
mederrRank,741
naturalsort,741
qiimer,741
ScreenClean,741
waveband,741
cin,742
cosmoFns,742
GenBinomApps,742
gitter,742
lbiassurv,742
LS2Wstat,742
lymphclon,742
PDSCE,742
quadrupen,742
r2dRue,742
rkt,742
rsgcc,742
Ruchardet,742
Skillings.Mack,742
swamp,742
bPeaks,743
cold,743
commentr,743
cpca,743
cvq2,743
dropR,743
influence.SEM,743
LINselect,743
NLPutils,743
pvsR,743
qmethod,743
RWeather,743
SAM,743
couchDB,744
exactmeta,744
hydrogeo,744
MGSDA,744
MicroStrategyR,744
nlADG,744
parsedate,744
qtlnet,744
RCPmod,744
rtkpp,744
Survgini,744
demoKde,745
gfcanalysis,745
glmx,745
GUILDS,745
lucid,745
npRmpi,745
superbiclust,745
TopKLists,745
TriMatch,745
CVcalibration,746
dnet,746
english,746
gnmf,746
IntLik,746
MetStaT,746
NormPsy,746
polywog,746
R1magic,746
Rambo,746
reutils,746
SCI,746
SoftClustering,746
StressStrength,746
EnsemblePCReg,747
iBATCGH,747
metabolomics,747
remMap,747
SightabilityModel,747
StableEstim,747
TableMonster,747
timma,747
CateSelection,748
dynatopmodel,748
ES,748
heritability,748
NPS,748
pcnetmeta,748
randomGLM,748
RSDA,748
TUWmodel,748
currentSurvival,749
FindAllRoots,749
freqweights,749
ipdw,749
LICurvature,749
mcr,749
metaRNASeq,749
MixGHD,749
PrivateLR,749
RClimMAWGEN,749
rindex,749
SMCP,749
unbalhaar,749
bdscale,750
bnormnlr,750
LakeMetabolizer,750
LVMMCOR,750
npcp,750
parviol,750
PGICA,750
popdemo,750
ryouready,750
tufterhandout,750
blockmatrix,751
cmprskQR,751
disp2D,751
hbmem,751
HierO,751
ibd,751
mistral,751
EvCombR,752
KappaV,752
kmc,752
lassoscore,752
MRwarping,752
Newdistns,752
ReCiPa,752
RMC,752
VdgRsm,752
WARN,752
dbarts,753
eive,753
EvoRAG,753
ForwardSearch,753
freestats,753
freqMAP,753
glmpathcr,753
haven,753
LaplacesDemon,753
MOJOV,753
msap,753
Rpdb,753
schoRsch,753
Sunder,753
b6e6rl,754
cloudUtil,754
coenocliner,754
copCAR,754
FourScores,754
fptdApprox,754
gwerAM,754
hierarchicalDS,754
iFad,754
jointDiag,754
ldlasso,754
LDOD,754
PerFit,754
phom,754
RcppXts,754
RenextGUI,754
rotations,754
rpsychi,754
rriskDistributions,754
RVtests,754
SII,754
bvenn,755
dfexplore,755
invGauss,755
JointRegBC,755
NonpModelCheck,755
rgcvpack,755
simexaft,755
SINGLE,755
sme,755
tgram,755
capwire,756
Density.T.HoldOut,756
EBglmnet,756
eqs2lavaan,756
fat2Lpoly,756
insideRODE,756
JohnsonDistribution,756
osDesign,756
pingr,756
PSAboot,756
qtlhot,756
rainfreq,756
shotGroups,756
simone,756
survIDINRI,756
VDA,756
wikipediatrend,756
binomialcftp,757
chromoR,757
edcc,757
HAP.ROR,757
mixsep,757
nlt,757
ordPens,757
QuantifQuantile,757
QZ,757
rpartScore,757
tth,757
csn,758
datamerge,758
dualScale,758
EnsemblePenReg,758
maptpx,758
Miney,758
rnbn,758
RobustRankAggreg,758
sft,758
TFMPvalue,758
wfe,758
cSFM,759
expoRkit,759
PBC,759
pbdNCDF4,759
pearson7,759
RECA,759
TreeSimGM,759
bglm,760
clustMD,760
erboost,760
frontiles,760
LTPDvar,760
MitISEM,760
phyloTop,760
regtest,760
simboot,760
stepp,760
wbs,760
darts,761
ensembleMOS,761
phonTools,761
predictmeans,761
raincpc,761
rbhl,761
rgpui,761
space,761
TExPosition,761
argparser,762
cdcsis,762
cudia,762
DIRECT,762
disclap,762
FAMILY,762
fit4NM,762
gramEvol,762
MfUSampler,762
PhysicalActivity,762
RWiener,762
SAVE,762
sequenza,762
tmle,762
epr,763
KATforDCEMRI,763
MBCluster.Seq,763
MetSizeR,763
mtsdi,763
regsubseq,763
sgr,763
Tinflex,763
adwave,764
bride,764
cancerTiming,764
cwm,764
GeoGenetix,764
InfDim,764
inTrees,764
ISDA.R,764
jagsUI,764
popReconstruct,764
retimes,764
RTDE,764
scidb,764
TableToLongForm,764
binequality,765
dashboard,765
ecosim,765
geneListPie,765
lestat,765
minPtest,765
reglogit,765
rvgtest,765
stoichcalc,765
uniCox,765
wikibooks,765
betafam,766
CIFsmry,766
Interact,766
NightDay,766
NPMPM,766
orsk,766
Rcpp11,766
cosinor,767
domino,767
eigeninv,767
ENiRG,767
hmmm,767
InventorymodelPackage,767
iRegression,767
mcbiopi,767
metamisc,767
mvnfast,767
rasclass,767
Rothermel,767
SPECIES,767
tmle.npvi,767
vegclust,767
aRpsDCA,768
corclass,768
cumSeg,768
degenes,768
DESnowball,768
distrRmetrics,768
MetaLandSim,768
orQA,768
pensim,768
RFGLS,768
sBF,768
spartan,768
stam,768
addreg,769
BSGW,769
EL,769
GNE,769
kequate,769
lmmlasso,769
MRCE,769
mvtsplot,769
NetSim,769
nsprcomp,769
rJPSGCS,769
SAMURAI,769
scriptests,769
StatRank,769
symmoments,769
urltools,769
correlate,770
crimCV,770
DiscreteLaplace,770
evora,770
knnGarden,770
logcondiscr,770
PLIS,770
poistweedie,770
profileR,770
r2lh,770
ss3sim,770
svWidgets,770
TilePlot,770
tspmeta,770
wsrf,770
dave,771
ergm.graphlets,771
FDRreg,771
GPareto,771
HBSTM,771
HUM,771
paleoMAS,771
RHive,771
safeBinaryRegression,771
sqliter,771
TScompare,771
chillR,772
codadiags,772
CRAC,772
EasyMARK,772
GHQp,772
matchingMarkets,772
pGLS,772
protiq,772
causaleffect,773
covLCA,773
CUMP,773
extfunnel,773
fpow,773
lassoshooting,773
mlmmm,773
MRMR,773
plumbr,773
SASPECT,773
SetMethods,773
Simile,773
surv2sampleComp,773
bursts,774
foodweb,774
geoBayes,774
iBUGS,774
IUPS,774
MRCV,774
OpasnetUtils,774
pencopula,774
penMSM,774
secrdesign,774
sig,774
TSdata,774
wskm,774
apc,775
confidence,775
exsic,775
hdlm,775
in2extRemes,775
letsR,775
MAVIS,775
meteoForecast,775
p3state.msm,775
rDNA,775
ROCt,775
SMC,775
spBayesSurv,775
survPresmooth,775
Thinknum,775
wpp2012,775
GB2,776
lbfgs,776
mleur,776
NHMM,776
pathClass,776
TestSurvRec,776
bootLR,777
iGasso,777
lazyData,777
mixcat,777
NominalLogisticBiplot,777
optiRum,777
paleofire,777
spacodiR,777
timeROC,777
dynsim,778
FisHiCal,778
GABi,778
msir,778
MST,778
robustgam,778
rpg,778
ykmeans,778
bdvis,779
caribou,779
enviPick,779
gendata,779
genSurv,779
gettingtothebottom,779
gplm,779
JPSurv,779
riskSimul,779
TBSSurvival,779
webutils,779
catenary,780
diffIRT,780
ElstonStewart,780
freqparcoord,780
gb,780
gsg,780
LIHNPSD,780
mmeta,780
MuFiCokriging,780
NAM,780
rysgran,780
scoring,780
translateR,780
WaveCD,780
CEGO,781
dglars,781
ega,781
fcros,781
grade,781
imprProbEst,781
isocir,781
msr,781
nplplot,781
packdep,781
PANICr,781
phonR,781
SAFD,781
sparseHessianFD,781
bmmix,782
clere,782
DetSel,782
glmvsd,782
hpoPlot,782
polySegratioMM,782
remix,782
boostr,783
CircE,783
CompGLM,783
csSAM,783
cyphid,783
dgmb,783
elec,783
ggROC,783
HLSM,783
lazyWeave,783
migui,783
nat.utils,783
PoissonSeq,783
polytomous,783
prevR,783
qcr,783
sisus,783
SPSL,783
fifer,784
IAT,784
ic50,784
kimisc,784
seqMeta,784
datalist,785
glmdm,785
modehunt,785
mpmcorrelogram,785
TFDEA,785
cytoDiv,786
falsy,786
ICsurv,786
metagen,786
PAS,786
powerpkg,786
PurBayes,786
RCA,786
RRreg,786
RWebLogo,786
SimSeq,786
SWATmodel,786
ZeligGAM,786
bbo,787
compactr,787
FuzzyStatProb,787
GibbsACOV,787
ICEbox,787
MetaSKAT,787
MM,787
RefFreeEWAS,787
CfEstimateQuantiles,788
ChargeTransport,788
Giza,788
qat,788
rlme,788
sac,788
SpeciesMix,788
VariABEL,788
YuGene,788
BEANSP,789
DMR,789
gooJSON,789
GPC,789
lle,789
mlearning,789
OPE,789
pollstR,789
someMTP,789
curvHDR,790
CVTuningCov,790
dbEmpLikeGOF,790
dna,790
IBHM,790
OmicKriging,790
R4CDISC,790
rfisheries,790
SSsimple,790
tlemix,790
turboEM,790
bimetallic,791
causalsens,791
eiwild,791
enpls,791
factualR,791
gsbDesign,791
multilevelPSA,791
PPtree,791
R330,791
speaq,791
birdring,792
DNAprofiles,792
GetR,792
LSC,792
muStat,792
plot2groups,792
Rarity,792
Rsundials,792
speff2trial,792
TANOVA,792
userfriendlyscience,792
XiMpLe,792
CGP,793
dynCorr,793
EMMAgeo,793
EnvNicheR,793
hydrostats,793
inference,793
miRtest,793
pbdPROF,793
qp,793
BayesMixSurv,794
ccChooser,794
cjoint,794
comato,794
cotrend,794
coxinterval,794
endogMNP,794
fueleconomy,794
FusedPCA,794
qmrparser,794
Rhh,794
ror,794
unbalanced,794
BNSP,795
CosmoPhotoz,795
dslice,795
EnsembleCV,795
FRCC,795
imputeR,795
MCPerm,795
MixMAP,795
PermAlgo,795
sidier,795
SyNet,795
tileHMM,795
ZIM,795
citbcmst,796
clustrd,796
enigma,796
HWxtest,796
PHeval,796
protoclust,796
RcppRedis,796
RegressionFactory,796
sms,796
soundecology,796
sybilEFBA,796
CAvariants,797
complmrob,797
ds,797
GWRM,797
mbmdr,797
OPDOE,797
orddom,797
scuba,797
svIDE,797
tbart,797
ecoreg,798
enviPat,798
greport,798
Interpol,798
Kpart,798
logconcens,798
MAVTgsa,798
MultinomialCI,798
tab,798
attribrisk,799
binomlogit,799
bivarRIpower,799
GeneFeST,799
GrammR,799
hbim,799
synbreedData,799
CommunityCorrelogram,800
crantastic,800
dawai,800
FBFsearch,800
genMOSS,800
haarfisz,800
InterVA4,800
MVB,800
qtlbook,800
TestScorer,800
apsimr,801
clustergas,801
Compind,801
EILA,801
hotspots,801
icaOcularCorrection,801
infoDecompuTE,801
ips,801
localdepth,801
LOST,801
MASSTIMATE,801
modelfree,801
violinmplot,801
bvarsv,802
CMF,802
emdist,802
fslr,802
MissMech,802
REDCapR,802
SimRAD,802
analogueExtra,803
autoencoder,803
divagis,803
DoubleCone,803
EffectsRelBaseline,803
ExpDes.pt,803
expert,803
FindMinIC,803
GANPA,803
matrixpls,803
ThreeWay,803
timetools,803
archdata,804
capm,804
DTR,804
ndl,804
StAMPP,804
AnglerCreelSurveySimulation,805
dpa,805
EpiDynamics,805
kin.cohort,805
NPHMC,805
orcutt,805
SAPP,805
ShrinkCovMat,805
waved,805
ztable,805
BMhyd,806
cvxclustr,806
dvn,806
GLDreg,806
Johnson,806
moult,806
NAPPA,806
riverplot,806
timeline,806
bmk,807
factorplot,807
HotDeckImputation,807
jackknifeKME,807
LVQTools,807
metacor,807
mmcm,807
mRm,807
NetComp,807
ReliabilityTheory,807
rgam,807
ROI.plugin.quadprog,807
rspa,807
scaRabee,807
SocialMediaMineR,807
VIMGUI,807
batade,808
FRACTION,808
ibr,808
iRefR,808
LogitNet,808
LSAfun,808
multiwayvcov,808
overlap,808
pavo,808
plotROC,808
pvclass,808
RSofia,808
SportsAnalytics,808
comparison,809
dhglm,809
gcdnet,809
hgam,809
irtrees,809
kselection,809
Laterality,809
ldr,809
migest,809
Rpoppler,809
RTriangle,809
treethresh,809
zoib,809
DLMtool,810
ESGtoolkit,810
fdaMixed,810
HiDimMaxStable,810
hisemi,810
IFP,810
libamtrack,810
NSA,810
PEIP,810
pseudo,810
rsig,810
SEERaBomb,810
ssym,810
StratSel,810
wppExplorer,810
bdoc,811
fbRanks,811
frm,811
funHDDC,811
gglasso,811
gibbs.met,811
GPLTR,811
GraphPCA,811
jSonarR,811
Meth27QC,811
msarc,811
plan,811
psbcGroup,811
VPdtw,811
acnr,812
biplotbootGUI,812
BlockMessage,812
DistatisR,812
GLSME,812
LogrankA,812
MultiOrd,812
PASWR2,812
pathmox,812
ProDenICA,812
RcppZiggurat,812
rmngb,812
SearchTrees,812
selectMeta,812
spe,812
biasbetareg,813
dynBiplotGUI,813
flora,813
fuzzyFDR,813
GANPAdata,813
idr,813
imputeMDR,813
knncat,813
lmec,813
McParre,813
MMIX,813
MSeasyTkGUI,813
MUCflights,813
nlreg,813
OrdMonReg,813
pastis,813
plugdensity,813
Stack,813
edgeRun,814
ExactCIdiff,814
FLIM,814
FuzzyToolkitUoN,814
HIest,814
RCEIM,814
spMC,814
boostSeq,815
csampling,815
Holidays,815
hsmm,815
MIPHENO,815
muma,815
Rramas,815
spate,815
cgam,816
eventstudies,816
filenamer,816
Funclustering,816
GOGANPA,816
iterLap,816
lint,816
OligoSpecificitySystem,816
rv,816
SGL,816
simsalapar,816
ump,816
CNVassocData,817
decon,817
imputeLCMD,817
iterpc,817
nlmeU,817
planor,817
sequences,817
bshazard,818
DTMCPack,818
fdasrvf,818
kerdiest,818
kobe,818
lmmfit,818
RcppSMC,818
fSRM,819
MMS,819
optBiomarker,819
perry,819
refGenome,819
RIGHT,819
samplingVarEst,819
SPA3G,819
SVMMaj,819
bionetdata,820
boolean3,820
CMPControl,820
cmvnorm,820
galts,820
identity,820
ORDER2PARENT,820
sglOptim,820
audit,821
FLSSS,821
heavy,821
homtest,821
monmlp,821
MSeasy,821
msgl,821
pamm,821
plsRbeta,821
ProfileLikelihood,821
RCassandra,821
RcppBDT,821
TwoStepCLogit,821
desire,822
DSBayes,822
igraphtosonia,822
IM,822
ISBF,822
permtest,822
pks,822
rChoiceDialogs,822
SurvRegCensCov,822
TEQR,822
topologyGSA,822
TrackReconstruction,822
bingat,823
chemosensors,823
etable,823
fwdmsa,823
localgauss,823
LogisticDx,823
MAPLES,823
rCUR,823
Digiroo2,824
DynNom,824
JAGUAR,824
LeLogicielR,824
LPS,824
networkTomography,824
snpEnrichment,824
ZeligMultilevel,824
bdpv,825
FGSG,825
globalOptTests,825
mefa4,825
psytabs,825
saws,825
vowels,825
BayClone2,826
cepp,826
FWDselect,826
GxM,826
joineR,826
kulife,826
NMFN,826
Surrogate,826
YplantQMC,826
GUIProfiler,827
helloJavaWorld,827
MRH,827
rsae,827
cAIC4,828
camel,828
krm,828
Metatron,828
qrnn,828
Segmentor3IsBack,828
VHDClassification,828
blocksdesign,829
Comp2ROC,829
EnviroStat,829
EWGoF,829
exCon,829
fanc,829
GIGrvg,829
growthrate,829
iCluster,829
inlinedocs,829
InteractiveIGraph,829
lpc,829
MEET,829
RAD,829
robustDA,829
SpatialPack,829
BAS,830
bisectr,830
DCL,830
dcv,830
dendsort,830
ETAS,830
FAmle,830
FlexParamCurve,830
geocodeHERE,830
GPFDA,830
ImpactIV,830
rcicr,830
CondReg,831
ConjointChecks,831
Demerelate,831
globalboosttest,831
gte,831
mdatools,831
papeR,831
plotpc,831
PopED,831
rstiefel,831
cgAUC,832
forams,832
hive,832
JGL,832
LDtests,832
Multiclasstesting,832
ndtv,832
pack,832
rapportools,832
scholar,832
SLHD,832
xergm,832
EMMREML,833
FRESA.CAD,833
futile.paradigm,833
mgpd,833
multiPIM,833
pairwise,833
rankhazard,833
RAtmosphere,833
rmaf,833
rococo,833
survsim,833
CR,834
EMMIXskew,834
gaussDiff,834
mutossGUI,834
NPMLEcmprsk,834
predmixcor,834
RhpcBLASctl,834
rich,834
SemiCompRisks,834
ConnMatTools,835
kzft,835
LCA,835
MDM,835
protViz,835
randomizationInference,835
rEMM,835
DunnettTests,836
hsphase,836
MetaDE,836
mixlow,836
bde,837
biogram,837
disposables,837
faoutlier,837
fICA,837
io,837
likeLTD,837
simctest,837
TSsql,837
endorse,838
fishmove,838
MaXact,838
nadiv,838
nanop,838
NHANES,838
readMLData,838
RepeatedHighDim,838
chords,839
clusteval,839
FADA,839
features,839
GRaF,839
hSDM,839
modTempEff,839
RnavGraphImageData,839
RPublica,839
taRifx.geo,839
CDLasso,840
DBGSA,840
paramlink,840
plRasch,840
rcppbugs,840
acss.data,841
AR1seg,841
bezier,841
chebpol,841
choroplethrAdmin1,841
depend.truncation,841
emma,841
gMWT,841
howmany,841
nabor,841
QSARdata,841
rSFA,841
SEL,841
stratigraph,841
TDA,841
compound.Cox,842
DStree,842
HPbayes,842
okmesonet,842
reader,842
repolr,842
TTAinterfaceTrendAnalysis,842
brainR,843
CityPlot,843
CompareTests,843
Dodge,843
grt,843
ngram,843
paleobioDB,843
PerMallows,843
seqmon,843
trapezoid,843
cluster.datasets,844
gains,844
gmailr,844
OPI,844
planar,844
Pomic,844
PrevMap,844
rappdirs,844
sigclust,844
svTools,844
BAEssd,845
binseqtest,845
CCpop,845
DiscreteInverseWeibull,845
LPmerge,845
MergeGUI,845
tm.plugin.europresse,845
BBRecapture,846
Blaunet,846
demi,846
dosresmeta,846
fCertificates,846
ParDNAcopy,846
RXMCDA,846
WeightedCluster,846
aml,847
boxplotdbl,847
npmv,847
rbamtools,847
cudaBayesregData,848
Dominance,848
ebal,848
frailtyHL,848
gamboostMSM,848
HWEintrinsic,848
ltsk,848
quantregGrowth,848
rateratio.test,848
SIMMS,848
bayesGDS,849
ClickClust,849
decompr,849
noia,849
powerGWASinteraction,849
rje,849
spatsurv,849
usl,849
BIOM.utils,850
devEMF,850
hypred,850
MCAPS,850
multipol,850
Rquake,850
RSNPset,850
SBSA,850
SEMModComp,850
SoilR,850
SortableHTMLTables,850
BayesNI,851
BNDataGenerator,851
cncaGUI,851
corrsieve,851
EMMIXuskew,851
fastcox,851
kedd,851
multitable,851
OLScurve,851
plotSEMM,851
steepness,851
table1xls,851
TRAMPR,851
audiolyzR,852
CoinMinD,852
Deriv,852
mht,852
ProgGUIinR,852
ptinpoly,852
astrochron,853
chngpt,853
covTest,853
dafs,853
Maeswrap,853
ONETr,853
palaeoSig,853
phyloland,853
protr,853
rfoaas,853
tm.plugin.alceste,853
TR8,853
traitr,853
blkergm,854
ddst,854
dupiR,854
entropart,854
FacPad,854
kinfit,854
mvSLOUCH,854
TurtleGraphics,854
BHMSMAfMRI,855
ClimClass,855
hysteresis,855
LCAextend,855
NPCirc,855
RAMpath,855
carcass,856
dma,856
ezsim,856
HAPim,856
kdetrees,856
LIStest,856
peptider,856
prettyGraphs,856
Reliability,856
SMNCensReg,856
TrialSize,856
aidar,857
bethel,857
concreg,857
crossmatch,857
hlr,857
lcda,857
miscF,857
ORCME,857
bc3net,858
CARE1,858
CovSel,858
dicionariosIBGE,858
DIME,858
ICGE,858
MetaPCA,858
mra,858
ore,858
rmatio,858
royston,858
appell,859
CerioliOutlierDetection,859
DivMelt,859
glmnetcr,859
klin,859
nCal,859
PCAmixdata,859
PubMedWordcloud,859
BIPOD,860
fechner,860
ggparallel,860
MSG,860
performanceEstimation,860
PERregress,860
stinepack,860
astroFns,861
bspmma,861
cape,861
confreq,861
dagR,861
IRTShiny,861
MSQC,861
sparseMVN,861
varSelectIP,861
clime,862
CPHshape,862
datautils,862
dixon,862
edrGraphicalTools,862
FDboost,862
FLLat,862
gProfileR,862
gsalib,862
GuardianR,862
NetCluster,862
PKreport,862
SeleMix,862
WWGbook,862
akmeans,863
CALINE3,863
CHAT,863
EasyHTMLReport,863
jiebaR,863
LifeTables,863
PCS,863
RADami,863
rocc,863
SampleSizeMeans,863
TSHRC,863
utility,863
mvMORPH,864
R2GUESS,864
strvalidator,864
VSURF,864
cggd,865
cheb,865
crn,865
fdth,865
LeafAngle,865
LICORS,865
pmr,865
strum,865
tdthap,865
accrued,866
cccrm,866
CheckDigit,866
CINID,866
cna,866
ergm.userterms,866
gamlss.spatial,866
geophys,866
metatest,866
Modalclust,866
pbo,866
wasim,866
dvfBm,867
plfm,867
pooh,867
rcrossref,867
corcounts,868
ELT,868
excel.link,868
FAMT,868
HHG,868
intamapInteractive,868
MAMS,868
merror,868
PKgraph,868
rARPACK,868
reweight,868
VecStatGraphs2D,868
epade,869
IC2,869
isva,869
PResiduals,869
RM2,869
svKomodo,869
GA4Stratification,870
GDELTtools,870
IBDhaploRtools,870
IsingFit,870
mwa,870
random.polychor.pa,870
SampleSizeProportions,870
AMGET,871
anim.plots,871
breakage,871
GExMap,871
lcd,871
nparLD,871
squash,871
summarytools,871
activity,872
ccda,872
datacheck,872
detect,872
drmdel,872
GPseq,872
TSzip,872
scrm,873
smoothtail,873
xtermStyle,873
aoos,874
CORM,874
diffractometry,874
forensim,874
hbsae,874
negenes,874
pedantics,874
rAverage,874
EBS,875
fastclime,875
FastImputation,875
Frames2,875
gcmr,875
GeneF,875
kaps,875
kzs,875
lomb,875
orderedLasso,875
powerMediation,875
seqminer,875
acopula,876
Julia,876
neural,876
WikipediR,876
ZeligChoice,876
abundant,877
ALSCPC,877
BaySIC,877
CarletonStats,877
Crossover,877
LinearizedSVR,877
mvngGrAd,877
Peptides,877
qmap,877
redcapAPI,877
SQN,877
TunePareto,877
benford.analysis,878
dataview,878
dielectric,878
EcoTroph,878
GCD,878
IndependenceTests,878
session,878
sos4R,878
TBEST,878
vwr,878
ADDT,879
ATmet,879
boral,879
evobiR,879
ffmanova,879
ggRandomForests,879
learningr,879
logmult,879
OptionPricing,879
Rankcluster,879
acid,880
BalancedSampling,880
Brq,880
CCM,880
EpiEstim,880
imguR,880
OutlierDC,880
PredictiveRegression,880
Renext,880
SMVar,880
StereoMorph,880
tractor.base,880
tvm,880
bujar,881
bagRboostR,882
DiversitySampler,882
forensic,882
geoCount,882
laercio,882
lmeNB,882
NlsyLinks,882
pgam,882
SNPmaxsel,882
VarSwapPrice,882
bootES,883
CrypticIBDcheck,883
dgof,883
ExpDes,883
fanovaGraph,883
GMCM,883
micromapST,883
MVR,883
normtest,883
obliqueRF,883
OptHedging,883
PRISMA,883
colortools,884
CPMCGLM,884
DetMCD,884
estout,884
etasFLP,884
GUTS,884
ipdmeta,884
MDR,884
randaes,884
ROI.plugin.glpk,884
TSgetSymbol,884
VBLPCM,884
acm4r,885
CombinS,885
GDAtools,885
HDPenReg,885
mvShapiroTest,885
nat,885
rLakeAnalyzer,885
ycinterextra,885
BOIN,886
clogitL1,886
codep,886
DynClust,886
ExceedanceTools,886
MXM,886
ParallelForest,886
PBD,886
PCovR,886
rdd,886
RInSp,886
titan,886
anominate,887
cosso,887
crrSC,887
egonet,887
HybridMC,887
leiv,887
blender,888
CensRegMod,888
ecospat,888
FactMixtAnalysis,888
moduleColor,888
RadOnc,888
SCEPtER,888
separationplot,888
SPODT,888
BiSEp,889
CINOEDV,889
HiClimR,889
MAINT.Data,889
poilog,889
Rphylip,889
sbgcop,889
Storm,889
ascrda,890
BlandAltmanLeh,890
DepthProc,890
DnE,890
stashR,890
sybil,890
truncgof,890
adaptsmoFMRI,891
boussinesq,891
opefimor,891
Rtsne,891
scam,891
eventInterval,892
IMIS,892
nontarget,892
pvar,892
waterfall,892
Compounding,893
eggCounts,893
gaussquad,893
irtProb,893
klausuR,893
MAMSE,893
meifly,893
npde,893
ODB,893
PoweR,893
prevalence,893
R2STATS,893
visualFields,893
antitrust,894
BASIX,894
bayespref,894
cond,894
EloRating,894
QuasiSeq,894
RFreak,894
TSxls,894
WilcoxCV,894
adaptDA,895
aqr,895
epoc,895
GeoDE,895
mcIRT,895
SCGLR,895
WeightedPortTest,895
caretEnsemble,896
D2C,896
datamap,896
loglognorm,896
powerSurvEpi,896
robustX,896
AMAP.Seq,897
PAWL,897
rAltmetric,897
rfigshare,897
selectiongain,897
timesboot,897
bild,898
c3net,898
ccaPP,898
coloc,898
curvetest,898
EBMAforecast,898
StMoSim,898
ArrayBin,899
aster2,899
fuzzyRankTests,899
GenOrd,899
IsingSampler,899
MAMA,899
polyapost,899
R4CouchDB,899
RODM,899
SmoothHazard,899
sorvi,899
TimeWarp,899
asympTest,900
bams,900
Disake,900
dynsurv,900
geeM,900
mcGlobaloptim,900
MicroDatosEs,900
Mobilize,900
pendensity,900
tlnise,900
bayou,901
bigrquery,901
colorfulVennPlot,901
CRM,901
HMP,901
MKLE,901
race,901
rsnps,901
colourlovers,902
eqtl,902
R2PPT,902
rngwell19937,902
RobLoxBioC,902
TukeyC,902
arf3DS4,903
BCEs0,903
BigTSP,903
capushe,903
condGEE,903
ensurer,903
PBSadmb,903
classyfire,904
CountsEPPM,904
EMJumpDiffusion,904
ggtern,904
IBDsim,904
informR,904
qtlDesign,904
ScottKnott,904
CVST,905
EDISON,905
IgorR,905
iteRates,905
mail,905
phmm,905
RbioRXN,905
animalTrack,906
kernelFactory,906
lspls,906
lss,906
metRology,906
PerfMeas,906
PST,906
SQUAREM,906
svcm,906
BayesComm,907
MindOnStats,907
RGENERATE,907
ARTP,908
bayess,908
list,908
MIICD,908
Ohmage,908
Oncotree,908
babel,909
cghFLasso,909
darch,909
DIFlasso,909
expoTree,909
laGP,909
Peaks,909
SGPdata,909
ttutils,909
cellVolumeDist,910
EpiContactTrace,910
GENEAread,910
AtmRay,911
CARBayesST,911
CEC,911
clhs,911
mlogitBMA,911
nlmrt,911
REPPlab,911
robustlmm,911
AmpliconDuo,912
deltaPlotR,913
intsvy,913
multisensi,913
NBPSeq,913
OutlierDM,913
pequod,913
readODS,913
rfPermute,913
SemiMarkov,913
berryFunctions,914
bpkde,914
CompLognormal,914
jiebaRD,914
MetABEL,914
nullabor,914
rsem,914
SimCorMultRes,914
VecStatGraphs3D,914
decctools,915
dtt,915
goric,915
Nozzle.R1,915
pheno,915
popgen,915
RcppMLPACK,915
vows,915
fractaldim,916
kst,916
optpart,916
refund,916
cacIRT,917
Rdsm,917
SciencesPo,917
allanvar,918
BNPdensity,918
CALIBERrfimpute,918
dummy,918
GoFKernel,918
ORMDR,918
REdaS,918
ENMeval,919
gsmoothr,919
recluster,919
RJSDMX,919
vegetarian,919
accrual,920
CoImp,920
designGG,920
diffEq,920
QCA3,920
ref,920
stsm.class,920
APSIMBatch,921
DandEFA,921
rfishbase,921
robustloggamma,921
surface,921
tsbugs,921
BayesSAE,922
MImix,922
dfcrm,923
EQL,923
FastRWeb,923
fdatest,923
moonBook,923
WMCapacity,923
zic,923
crqa,924
GPvam,924
SpherWave,924
TESS,924
CLAG,925
EMT,925
icd9,925
LS2W,925
seqRFLP,925
bcv,926
db.r,926
dmt,926
EnsembleBase,926
gvcm.cat,926
HyPhy,926
R2MLwiN,926
rdryad,926
spectralGP,926
DAMOCLES,927
DiscML,927
FField,927
geotopbricks,927
LDcorSV,927
NormalGamma,927
QUIC,927
svSweave,927
apple,928
bdynsys,928
conting,928
DECIDE,928
DTComPair,928
fwsim,928
itsmr,928
mcclust,928
PairViz,928
pyramid,928
rdetools,928
SPEI,928
mcprofile,929
OrdinalLogisticBiplot,929
vcrpart,929
compeir,930
mclogit,930
nonparaeff,930
boss,931
clusterPower,931
ConvCalendar,931
CSS,931
detrendeR,931
ExtremeBounds,931
FBN,931
fpca,931
hitandrun,931
Jmisc,931
MCDA,931
rPython,931
BGSIMD,932
cghseg,932
growcurves,932
luca,932
mapStats,932
munfold,932
soilphysics,932
genridge,933
imputeYn,933
kyotil,933
odfWeave.survey,933
pbdSLAP,933
PhViD,933
ber,934
HDMD,934
LEAPFrOG,934
PoiClaClu,934
riv,934
RND,934
multgee,935
pedigreemm,935
sqlutils,935
supclust,935
BinNonNor,936
ngramr,936
risksetROC,936
beadarrayMSV,937
BGPhazard,937
cardidates,937
FastHCS,937
fbati,937
GeneReg,937
OpenRepGrid,937
bfa,938
bootspecdens,938
coneproj,938
dcemriS4,938
gllm,938
lga,938
MultEq,938
perARMA,938
plsdof,938
PVR,938
sphereplot,938
BayesianAnimalTracker,939
DAGGER,939
FHtest,939
gdimap,939
MADAM,939
magicaxis,939
mixRasch,939
RImpala,939
soil.spec,939
BayHap,940
CHCN,940
onemap,940
powell,940
Runiversal,940
andrews,941
cccd,941
cocron,941
diffusionMap,941
MChtest,941
ORIClust,941
ARTool,942
COSINE,942
hht,942
support.CEs,942
filehashSQLite,943
flip,943
introgress,943
llama,943
samplingbook,943
SvyNom,943
COBRA,944
cobs99,944
deTestSet,944
MapGAM,944
mpm,944
pairwiseCI,944
sdcTable,944
bamdit,945
CircNNTSR,945
DALY,945
df2json,945
mcga,945
MDPtoolbox,945
NetData,945
nets,945
PhaseType,945
robustreg,945
survAUC,945
timeordered,945
BiDimRegression,946
CNOGpro,946
plgp,946
reliaR,946
tm.plugin.factiva,946
COMPoissonReg,947
ddalpha,947
DeducerSurvival,947
EMCC,947
locits,947
MAT,947
BinNor,948
CePa,948
cooccur,948
expands,948
GhcnDaily,948
mcgibbsit,948
minerva,948
Power2Stage,948
rexpokit,948
abf2,949
anapuce,949
excursions,949
factorQR,949
gamclass,949
gems,949
JoSAE,949
AnDE,950
CLME,950
dbstats,950
easyanova,950
goalprog,950
Nippon,950
rhosp,950
SmithWilsonYieldCurve,950
AnthropMMD,951
BMN,951
ConConPiWiFun,951
Exact,951
MAclinical,951
multigroup,951
NPCD,951
queueing,951
scrime,951
settings,951
treeclim,951
coalescentMCMC,952
COP,952
funFEM,952
gWidgets2,952
HTSCluster,952
npst,952
RFLPtools,952
LPCM,953
metacom,953
robustHD,953
ROptEstOld,953
schoolmath,953
TPmsm,953
astro,954
Bclim,954
bmd,954
events,954
ifs,954
lmeNBBayes,954
propagate,954
distrEllipse,955
TDMR,955
allan,956
BlakerCI,956
EMC,956
EngrExpt,956
EnQuireR,956
genoPlotR,956
glmc,956
birk,957
cati,957
Correlplot,957
GPfit,957
grouped,957
soma,957
bios2mds,958
scape,958
texmex,958
allelematch,959
aods3,959
AssotesteR,959
DATforDCEMRI,959
HWEBayes,959
RSVGTipsDevice,959
rvertnet,959
bmem,960
gnumeric,960
gPdtest,960
GSE,960
phylosim,960
BANFF,961
ClustVarLV,961
DiagTest3Grp,961
gbs,961
multicon,961
mvcwt,961
bandit,962
harvestr,962
fds,963
MigClim,963
operator.tools,963
pwt8,963
RDS,963
rsdmx,963
RxCEcolInf,963
SMIR,963
trustOptim,963
bayesMCClust,964
EffectStars,964
EntropyEstimation,964
FinAsym,964
mixsmsn,964
robumeta,964
SpatioTemporal,964
ACTCD,965
CMC,965
CRF,965
GCPM,965
pspearman,965
RCALI,965
soobench,965
waterData,965
aprof,966
Bayesianbetareg,966
dirmult,966
geoscale,966
gridGraphviz,966
haplo.ccs,966
pi0,966
survSNP,966
AllPossibleSpellings,967
mpoly,967
nonrandom,967
tframePlus,967
hwde,968
nhlscrapr,968
OjaNP,968
RWinEdt,968
stab,968
archivist,969
BayesCR,969
bootruin,969
dice,969
ETLUtils,969
findpython,969
PracTools,969
showtext,969
sparseLDA,969
awsMethods,970
binomSamSize,970
checkpoint,970
coarseDataTools,970
DEMEtics,970
foba,970
ivivc,970
rSymPy,970
stepwise,970
dsm,971
ESG,971
ETC,971
acss,972
catIrt,972
LMest,972
msSurv,972
TSodbc,972
BEQI2,973
snp.plotter,973
lpridge,974
flare,975
hyperdirichlet,975
maRketSim,975
phylolm,975
RDSTK,975
SimpleTable,975
snowFT,975
gWidgets2RGtk2,976
insol,976
kriging,976
NestedCohort,976
betaper,977
biwt,977
CoxRidge,977
quantchem,977
rehh,977
rstream,977
seeg,977
cgh,978
DPw,978
ExPosition,978
FAwR,978
GeoLight,978
MOCCA,978
TED,978
dpcR,979
scrypt,979
svSocket,979
ASPBay,980
bcrm,980
breakpoint,980
mblm,980
phtt,980
phyloclim,980
PottsUtils,980
RSKC,980
broman,981
PwrGSD,981
RODBCext,981
AOfamilies,982
CNprep,983
DendSer,983
FinCal,983
glogis,983
labstatR,983
FTICRMS,984
kSamples,984
Rcolombos,984
RImageJROI,984
ALDqr,985
Anthropometry,985
asd,985
bpcp,985
classGraph,985
FunChisq,985
lazy,985
PBImisc,985
sand,985
TSPostgreSQL,985
AnnotLists,986
EIAdata,986
nonnest2,986
algstat,987
anametrix,987
c060,987
dendextendRcpp,987
drm,987
epibasix,987
epinet,987
FITSio,987
ftnonpar,987
gamlss.nl,987
glmmLasso,987
lm.beta,987
pa,987
rts,987
varComp,987
ChoiceModelR,988
clusterfly,988
miniCRAN,988
PearsonICA,988
R0,988
rapport,988
RcppRoll,988
rnoaa,988
RObsDat,988
commandr,989
GMDH,989
SiZer,989
basicspace,990
compHclust,990
HMPTrees,990
LSMonteCarlo,990
binhf,991
CCAGFA,991
CDFt,991
copulaedas,991
coxphw,991
DeducerText,991
dynaTree,991
GGMselect,991
GWAF,991
tm.plugin.dc,991
BayesSingleSub,992
BerlinData,992
plsRcox,992
tslars,992
AlleleRetain,993
BANOVA,993
dostats,993
RobRex,993
CausalGAM,994
CIDnetworks,994
CopyDetect,994
HapEstXXR,994
ICEinfer,994
OptimalCutpoints,994
adhoc,995
mixexp,995
parma,995
ProbForecastGOP,995
RSQLServer,995
spocc,995
wnominate,995
DBKGrad,996
EstCRM,996
FastRCS,996
genlasso,996
gptk,996
NCmisc,996
NSM3,996
oc,996
orientlib,996
adaptTest,997
agrmt,997
blm,997
COPASutils,997
fun,997
HiDimDA,997
mixreg,997
pxR,997
TShistQuote,997
YourCast,997
BSSasymp,998
OrgMassSpecR,998
RTOMO,998
stm,998
tsintermittent,998
vec2dtransf,998
allelic,999
aoristic,999
arrayhelpers,999
BSquare,999
bvls,999
eiPack,999
RobPer,999
RoughSets,999
mmod,1000
bda,1001
dlmap,1001
GEVcdn,1001
GGIR,1001
GWASExactHW,1001
mallet,1001
netmeta,1001
PCICt,1001
adaptMCMC,1002
blowtorch,1002
DTDA,1002
randtests,1002
tm.plugin.lexisnexis,1002
aCRM,1004
Daim,1004
enaR,1004
fontcm,1004
glcm,1004
LatticeKrig,1004
npmlreg,1004
PCPS,1004
qtlbim,1004
survC1,1004
kml3d,1005
PP,1005
kmi,1006
MetaQC,1006
PopGenReport,1006
aLFQ,1007
argparse,1007
investr,1007
IQCC,1007
MAR1,1007
pdfCluster,1007
teigen,1007
agsemisc,1008
clickstream,1009
networksis,1009
Vdgraph,1009
AssetPricing,1010
fast,1010
readbitmap,1010
reshapeGUI,1010
binda,1011
cec2013,1011
flexCWM,1011
RMediation,1011
ROptRegTS,1011
spikeSlabGAM,1011
CombMSC,1012
eVenn,1012
G1DBN,1012
marelac,1012
mutoss,1012
NHPoisson,1012
rela,1012
bcpa,1013
dispmod,1013
zyp,1013
clpAPI,1014
IsotopeR,1014
RcmdrPlugin.RMTCJags,1014
binMto,1015
DOBAD,1015
metaMA,1015
SOAR,1015
cda,1016
eHOF,1016
expectreg,1016
Familias,1016
MPDiR,1016
semPLS,1016
equateIRT,1017
intcox,1017
RobustAFT,1017
rrcovHD,1017
strap,1017
vegdata,1017
ars,1018
MHadaptive,1018
pbdMPI,1018
BVS,1019
discreteRV,1019
geozoo,1019
MBmca,1019
mmand,1019
psychomix,1019
calmate,1020
dpmixsim,1020
mcsm,1020
miceadds,1020
MissingDataGUI,1020
MPSEM,1020
MultiPhen,1020
pxweb,1020
AdaptiveSparsity,1021
sudoku,1021
agop,1022
cvAUC,1022
frmqa,1022
Reol,1022
bgeva,1023
datamart,1023
geigen,1023
RForcecom,1023
ROSE,1023
SPOT,1023
ARPobservation,1024
crmn,1024
jaatha,1024
cec2005benchmark,1025
crossval,1025
cslogistic,1025
PET,1025
phenology,1025
QuACN,1025
RPushbullet,1025
depth,1026
DiceView,1026
ABCExtremes,1027
cherry,1027
evmix,1027
mar1s,1027
REQS,1027
amei,1028
CopulaRegression,1028
EDR,1028
gamlss.demo,1028
rgrs,1028
TSfame,1028
BBEST,1029
hmm.discnp,1029
lordif,1029
tclust,1029
biglars,1030
experiment,1030
giRaph,1030
RFinanceYJ,1030
SPACECAP,1030
tableplot,1030
ABCoptim,1031
simFrame,1031
vegan3d,1031
miscFuncs,1032
OrdFacReg,1032
SIN,1032
CORE,1033
ggsubplot,1033
gRc,1033
latdiag,1033
mathgraph,1033
TraMineRextras,1033
ebdbNet,1034
mada,1034
msme,1034
oblique.tree,1034
readMzXmlData,1034
rebmix,1034
Actigraphy,1035
BACprior,1035
BCBCSF,1035
corHMM,1035
coxrobust,1035
DeducerPlugInExample,1035
EMP,1035
RcmdrPlugin.EcoVirtual,1035
Rz,1035
spider,1035
nlts,1036
SYNCSA,1036
TSdist,1036
acp,1037
biopara,1037
FuzzyNumbers,1037
SGCS,1038
stratification,1038
abcdeFBA,1039
bisoreg,1039
BSagri,1039
plsdepot,1039
tolerance,1039
eaf,1040
FAOSTAT,1040
mkin,1040
PVAClone,1040
servr,1040
tawny.types,1040
tdm,1040
TSTutorial,1041
CAMAN,1042
caschrono,1042
formula.tools,1042
Haplin,1042
INLABMA,1042
Luminescence,1042
MCMC.qpcr,1042
proftools,1042
psd,1042
RcppDE,1042
bigdata,1043
CellularAutomaton,1043
EcoVirtual,1043
rmetasim,1043
treebase,1043
GroupSeq,1044
ResistorArray,1044
ROptEst,1044
vines,1044
DiceEval,1045
flux,1045
ldbounds,1045
linkcomm,1045
approximator,1046
coefficientalpha,1046
disclapmix,1046
EGRET,1046
granovaGG,1046
NORMT3,1046
pubmed.mineR,1046
CLSOCP,1047
Momocs,1047
pglm,1047
phylotools,1047
tkrgl,1047
choplump,1048
OIdata,1048
crch,1049
mvProbit,1049
PBSddesolve,1049
polysat,1049
ALKr,1050
BLCOP,1050
agRee,1051
GeneticTools,1051
RobLox,1051
solaR,1051
randomNames,1052
sparkTable,1052
stream,1052
distory,1053
stpp,1053
hddplot,1054
KrigInv,1054
prospectr,1055
BurStMisc,1056
CoClust,1056
emme2,1056
MLCM,1056
AIM,1057
DFIT,1057
rrlda,1057
BayesGESM,1058
CommonJavaJars,1058
profdpm,1058
simMSM,1058
B2Z,1059
celestial,1059
ProfessR,1059
ripa,1059
tigerstats,1059
Agreement,1060
bayesQR,1060
FMStable,1060
mirtCAT,1060
SpatialVx,1060
bvpSolve,1061
ACD,1062
aqfig,1062
batch,1062
earlywarnings,1062
vardpoor,1062
binGroup,1063
DeducerPlugInScaling,1063
rpubchem,1063
SAScii,1063
tm.plugin.mail,1063
ASMap,1064
pse,1064
readBrukerFlexData,1064
ACCLMA,1065
nbpMatching,1065
ADM3,1066
Bayesthresh,1066
benchden,1066
concor,1066
fclust,1066
G2Sd,1066
Oarray,1066
orloca.es,1066
relaxo,1066
RnavGraph,1066
SamplerCompare,1066
clustsig,1067
eigenmodel,1067
likelihood,1067
MetabolAnalyze,1067
cplm,1068
OceanView,1068
sca,1068
CaDENCE,1069
FindIt,1070
gridDebug,1070
log4r,1070
rtfbs,1070
AdequacyModel,1071
crp.CSFP,1071
RcppCNPy,1071
SparseGrid,1071
Kmisc,1072
MALDIquantForeign,1072
mapmisc,1072
StreamMetabolism,1072
RobAStBase,1073
SamplingStrata,1073
spc,1073
mpt,1074
RcmdrPlugin.SM,1074
CCTpack,1075
cvplogistic,1075
extracat,1075
IPMpack,1075
DAKS,1076
PSM,1076
dblcens,1077
anesrake,1078
chipPCR,1078
EasyABC,1078
bfp,1079
FastPCS,1079
FeaLect,1079
gRapHD,1079
rpf,1079
ABCp2,1080
csvread,1080
gemtc,1080
psyphy,1080
QTLRel,1080
Evapotranspiration,1081
RcmdrPlugin.seeg,1083
soilDB,1083
classify,1084
GMMBoost,1084
smoothmest,1084
FisherEM,1085
fso,1085
NRAIA,1085
denpro,1086
DSsim,1086
pedigree,1086
CVThresh,1087
daewr,1087
DDHFm,1087
GrassmannOptim,1087
het.test,1087
move,1087
clinsig,1088
clusterRepro,1088
cmm,1088
fANCOVA,1088
micEconSNQP,1088
penalizedLDA,1090
bootRes,1091
operators,1091
VAR.etp,1091
bayesDem,1092
RcppExamples,1092
ncdf.tools,1093
ssanv,1093
bbemkr,1094
bReeze,1094
degreenet,1094
pbatR,1094
TSSQLite,1094
blighty,1095
gpairs,1095
lambda.tools,1095
spaa,1095
bigsplines,1096
outbreaker,1096
relevent,1096
Devore7,1097
isopam,1097
ROI,1097
BEDASSLE,1098
HSROC,1098
lava.tobit,1098
muscle,1098
relsurv,1098
RNeXML,1098
SuperLearner,1098
BCDating,1099
classifly,1099
LogicForest,1099
RankAggreg,1099
RcmdrPlugin.sampling,1099
MFDA,1100
CollocInfer,1101
MAc,1101
SwissAir,1102
mhurdle,1103
lmeSplines,1105
binomTools,1106
covRobust,1106
MPTinR,1106
optimsimplex,1106
PCIT,1106
RSA,1106
SLC,1106
zoom,1106
anchors,1107
bifactorial,1107
CITAN,1107
clues,1107
ISOweek,1107
adagio,1108
FuncMap,1108
gWidgets2tcltk,1108
SSDforR,1108
alphashape3d,1109
BiplotGUI,1109
futile.any,1109
gamlss.util,1109
Hotelling,1109
crawl,1110
hexView,1110
CatDyn,1111
LinRegInteractive,1112
mixPHM,1112
tsModel,1112
DAAGbio,1113
pps,1113
additivityTests,1114
geospacom,1114
BIFIEsurvey,1115
IsoGene,1115
NeuralNetTools,1115
Rvcg,1115
bentcableAR,1116
Bolstad2,1116
CCP,1116
costat,1116
interval,1116
mombf,1116
poppr,1116
RcmdrPlugin.plotByGroup,1116
RcmdrPlugin.pointG,1116
AmericanCallOpt,1117
autopls,1118
JBTools,1118
paran,1118
bootStepAIC,1119
calibrator,1119
DNAtools,1119
KRLS,1119
NeatMap,1119
AdaptFitOS,1120
cmrutils,1120
pmmlTransformations,1120
amen,1121
BayesXsrc,1121
BTSPAS,1121
gMCP,1121
Unicode,1121
GillespieSSA,1122
MLEcens,1122
DSL,1123
hapassoc,1123
HaploSim,1123
RcmdrPlugin.StatisticalURV,1123
Biodem,1124
elrm,1124
sensR,1124
CBPS,1125
FFD,1125
ModelGood,1126
NISTnls,1126
BayesValidate,1127
ForImp,1127
games,1127
GUniFrac,1127
mvna,1127
peperr,1127
rebird,1127
shinyRGL,1127
bio.infer,1128
gRim,1128
ICE,1128
mhsmm,1128
hda,1129
HMR,1129
Rclusterpp,1129
rrcovNA,1129
tpr,1129
MicSim,1130
mritc,1130
STAR,1130
lmSupport,1132
TimeProjection,1132
AUCRF,1133
Lambda4,1133
onion,1133
RNCEP,1133
yuima,1133
HydroMe,1134
SenSrivastava,1134
blockmodeling,1135
cg,1135
knitrBootstrap,1135
RadioSonde,1135
XBRL,1135
argosfilter,1137
GSM,1137
LoopAnalyst,1137
pear,1137
rinat,1137
aspect,1138
blme,1138
Flury,1138
rtop,1138
SDaA,1138
glarma,1139
mvmeta,1139
pdfetch,1139
RcmdrPlugin.sos,1139
SmarterPoland,1139
stylo,1139
cladoRcpp,1140
penalizedSVM,1140
SpatialNP,1141
RcmdrPlugin.lfstat,1142
mixdist,1143
PtProcess,1143
symbols,1143
asypow,1144
gsarima,1144
usdm,1144
BayesMed,1145
GGEBiplotGUI,1145
gridGraphics,1145
R2Cuba,1145
hybridHclust,1146
monreg,1146
NanoStringNorm,1146
turner,1146
BaBooN,1147
Biograph,1147
distrTeach,1147
hydroPSO,1147
synbreed,1147
BBMM,1148
prefmod,1148
RNiftyReg,1148
yhat,1148
isdals,1149
spuRs,1149
tawny,1149
BurStFin,1151
quantspec,1151
BioMark,1152
nlmeODE,1152
nodeHarvest,1152
OIsurv,1152
PSAgraphics,1152
RcmdrPlugin.UCA,1152
RSGHB,1152
SIS,1152
MNM,1153
survrec,1153
distrTEst,1154
randomUniformForest,1154
bigRR,1155
docopt,1155
equate,1155
JMbayes,1155
spacom,1155
fractalrock,1156
hglm.data,1157
optimbase,1157
fanplot,1158
BayesBridge,1159
DTK,1159
exactci,1159
Interpol.T,1159
rrBLUP,1159
WRS2,1159
portfolioSim,1160
CorReg,1161
dglm,1161
mRMRe,1162
sparcl,1163
dcmle,1164
HGNChelper,1164
micEconAids,1164
BayesLogit,1165
CRTSize,1165
GMD,1165
grofit,1165
debug,1166
SPARQL,1166
AquaEnv,1167
distrSim,1167
pdist,1167
untb,1167
aftgee,1168
EMA,1168
Rbitcoin,1168
RcppParallel,1168
bclust,1169
JOP,1169
BcDiag,1170
pca3d,1170
PMA,1170
simPH,1170
siplab,1170
heatmap3,1171
hett,1171
QCAGUI,1171
simba,1171
chemCal,1172
crank,1172
discretization,1172
HadoopStreaming,1172
REEMtree,1172
yacca,1172
RXshrink,1173
CNVassoc,1174
isotone,1174
BenfordTests,1175
mixture,1175
rgp,1175
Tides,1175
bayesclust,1176
riskRegression,1176
vrtest,1176
RaschSampler,1177
RcmdrPlugin.steepness,1177
Rmalschains,1177
benchmark,1178
cheddar,1178
fscaret,1179
lqmm,1179
x12GUI,1179
EMCluster,1180
lgcp,1180
primer,1180
TFX,1180
ALS,1181
fgui,1181
schwartz97,1181
BioPhysConnectoR,1182
CorrBin,1182
DCGL,1182
rJython,1182
accelerometry,1183
flsa,1183
GEVStableGarch,1183
KernSmoothIRT,1184
RCircos,1184
aylmer,1185
bio3d,1185
FrF2.catlg128,1185
longpower,1185
BAMMtools,1186
exactLoglinTest,1186
MESS,1186
mstate,1186
VLMC,1186
assertive,1187
deseasonalize,1187
elmNN,1187
sdcMicro,1188
survivalROC,1188
ActuDistns,1190
gsDesign,1190
hts,1191
CPE,1192
depthTools,1192
BoSSA,1193
topmodel,1193
CpGassoc,1194
Morpho,1194
abctools,1195
adaptivetau,1195
barcode,1195
BayesDA,1195
rcdklibs,1195
lfstat,1196
mlegp,1196
spatcounts,1196
micEconCES,1197
MTurkR,1197
oro.dicom,1198
drfit,1199
gumbel,1199
MCPAN,1200
RPyGeo,1200
BioGeoBEARS,1201
aRxiv,1202
far,1202
DescribeDisplay,1203
PolynomF,1203
RcmdrPlugin.SLC,1203
simex,1203
SixSigma,1203
tsne,1203
HLMdiag,1204
multinomRob,1204
irace,1205
PairedData,1205
partsm,1206
FunCluster,1207
nparcomp,1208
OutbreakTools,1208
profr,1208
AFLPsim,1209
ecolMod,1209
futile.matrix,1209
dynamicGraph,1210
paleoTS,1210
PHYLOGR,1210
granova,1211
tiger,1211
aroma.cn,1212
BayHaz,1212
LCFdata,1212
mvbutils,1212
arulesNBMiner,1213
ChemometricsWithRData,1213
BrailleR,1214
dti,1215
eba,1215
orloca,1216
PearsonDS,1216
conjoint,1217
nonlinearTseries,1218
choroplethrMaps,1219
RcmdrPlugin.doex,1220
archetypes,1221
SKAT,1221
bpca,1222
parcor,1222
clusterCrit,1223
ConvergenceConcepts,1223
st,1223
StatDA,1223
MixSim,1224
seg,1224
TIMP,1225
weatherData,1225
BayesVarSel,1226
psgp,1226
blockcluster,1227
bmrm,1227
httpRequest,1227
AtelieR,1228
pcse,1228
rgr,1228
RHRV,1228
MarkowitzR,1229
rbison,1229
bspec,1230
UScensus2000cdp,1230
GetoptLong,1232
Delaporte,1233
movMF,1233
reporttools,1233
BaSTA,1234
BaylorEdPsych,1234
dae,1234
deducorrect,1234
alm,1235
BCE,1235
dlmodeler,1235
kza,1235
Ramd,1235
fastGHQuad,1236
fgac,1236
paleotree,1236
svMisc,1236
UScensus2000tract,1236
RcmdrPlugin.orloca,1238
gwrr,1240
kml,1240
AdaptFit,1241
wgaim,1241
BTYD,1243
RXKCD,1243
fda.usc,1244
gamlss.add,1244
SciViews,1244
FAdist,1245
Rmixmod,1245
NetIndices,1246
plot3Drgl,1246
RRF,1246
PMCMR,1247
mefa,1249
reportr,1250
cocor,1251
normalp,1251
DeducerSpatial,1252
R2BayesX,1252
CHsharp,1253
Synth,1253
Bhat,1254
hier.part,1254
MCPMod,1254
Rd2roxygen,1254
CommonTrend,1255
cts,1255
HandTill2001,1257
hdeco,1257
mcmcplots,1257
prim,1257
SGP,1257
wesanderson,1257
corpora,1258
LambertW,1258
GAD,1259
glmpath,1260
vardiag,1260
brainwaver,1262
histogram,1262
RcmdrPlugin.depthTools,1262
rlist,1262
ahaz,1263
BootPR,1263
brnn,1263
emulator,1264
tempdisagg,1264
BAT,1265
BLR,1265
gamlss.tr,1266
mapplots,1266
AcceptanceSampling,1267
DirichletReg,1267
mnlogit,1267
ACNE,1271
fxregime,1271
ecp,1272
RcmdrPlugin.MA,1273
Cprob,1274
RNetLogo,1274
georob,1275
RFOC,1275
BCEA,1276
nsRFA,1276
PK,1276
rNOMADS,1277
Sim.DiffProc,1277
svmpath,1277
equivalence,1278
likert,1278
rphast,1278
Davies,1279
mmap,1279
HMM,1280
deepnet,1281
skewt,1281
HI,1282
LIM,1283
marked,1284
cfa,1285
gof,1285
rangeMapper,1285
SDD,1285
tableone,1285
soiltexture,1286
CHNOSZ,1287
DiscriMiner,1287
plsRglm,1287
BaM,1288
difR,1288
orthopolynom,1288
exact2x2,1290
aws,1291
loa,1291
MatrixEQTL,1291
mbbefd,1291
plsgenomics,1291
RKEA,1291
ChemometricsWithR,1292
GUIDE,1292
stepPlr,1293
distrMod,1296
popgraph,1297
Rlabkey,1297
ExomeDepth,1298
coxphf,1299
rioja,1299
GriegSmith,1300
hyperSpec,1300
Imap,1300
TripleR,1300
HistogramTools,1301
SharpeR,1302
xpose4,1304
clustvarsel,1305
eeptools,1305
gamlss.cens,1306
bmp,1307
extremevalues,1307
SemiParSampleSel,1308
HTMLUtils,1309
betapart,1310
Bmix,1313
EcoHydRology,1314
MethComp,1314
rwt,1314
mixAK,1315
DAMisc,1316
bayesLife,1317
r4ss,1317
bayesPop,1318
distrom,1318
HAC,1318
RcppClassic,1318
speedglm,1319
bayescount,1320
lgtdl,1320
StatDataML,1320
betategarch,1322
crossdes,1322
geostatsp,1322
PropCIs,1322
Stem,1322
compoisson,1323
COUNT,1324
crrstep,1324
LPStimeSeries,1324
depmix,1325
gamair,1325
laeken,1326
spatial.tools,1327
dunn.test,1328
monomvn,1328
pmg,1328
rbugs,1329
fmri,1330
gogarch,1330
lcmm,1331
mAr,1331
poweRlaw,1333
diversitree,1336
RProtoBuf,1337
AGSDest,1338
BEST,1338
RcmdrPlugin.EBM,1338
RcppProgress,1338
fingerprint,1339
perturb,1339
EMD,1341
hypervolume,1341
vrmlgen,1341
smatr,1342
gdalUtils,1343
RcmdrPlugin.mosaic,1343
pwt,1344
cat,1345
logging,1345
AID,1346
BioStatR,1346
distrDoc,1346
beepr,1347
SSN,1347
SoDA,1348
PivotalR,1349
bgmm,1351
scrapeR,1351
DAAGxtras,1353
FAiR,1353
GSA,1353
rdatamarket,1353
UScensus2010,1353
adlift,1354
FGN,1355
GenABEL.data,1355
MODISTools,1356
MultiLCIRT,1356
tsoutliers,1356
diseasemapping,1357
WrightMap,1357
RcmdrPlugin.MPAStats,1358
cmaes,1359
shinyFiles,1359
g.data,1362
LogConcDEAD,1362
mvabund,1362
anacor,1363
Bchron,1369
RJaCGH,1369
xkcd,1370
RcppGSL,1371
tourr,1371
MAPA,1372
MonetDB.R,1373
xgboost,1375
JADE,1376
ReacTran,1377
irtoys,1378
mixer,1378
RMongo,1378
GSIF,1379
ptw,1379
svGUI,1379
wle,1379
gamboostLSS,1381
latticeDensity,1381
yhatr,1381
EbayesThresh,1382
climdex.pcic,1384
RSclient,1386
termstrc,1387
FitARMA,1389
aster,1390
locpol,1390
BACCO,1392
ICC,1392
lgarch,1393
TeachingSampling,1393
RcmdrPlugin.qual,1394
dataframes2xls,1395
princurve,1395
Bergm,1396
spatialsegregation,1396
bindata,1398
laser,1399
egcm,1400
spcosa,1400
RandVar,1401
RcmdrPlugin.coin,1401
tm.plugin.webmining,1403
simecol,1405
truncdist,1405
hglm,1407
textcat,1407
HiveR,1408
timsac,1410
YieldCurve,1410
zipfR,1411
abn,1412
demography,1412
alphahull,1414
distillery,1414
spaMM,1415
HSAUR3,1416
indicspecies,1416
longmemo,1416
intReg,1417
lessR,1417
MSwM,1417
BAYSTAR,1418
blockTools,1418
diveRsity,1418
gamlr,1418
OAIHarvester,1418
ReporteRsjars,1419
fastR,1420
RMTstat,1420
CreditMetrics,1421
LARF,1422
catspec,1423
glpkAPI,1423
RSiteCatalyst,1424
IPSUR,1426
flexsurv,1427
GrapheR,1427
cramer,1428
financial,1428
rcdk,1429
editrules,1430
effsize,1430
EpiModel,1430
influence.ME,1430
mrds,1430
SMPracticals,1432
SASmixed,1433
stsm,1433
twang,1433
PopGenome,1434
QRM,1434
RcmdrPlugin.ROC,1434
bayesTFR,1435
portes,1435
qqman,1435
McSpatial,1437
qualityTools,1438
siar,1438
BGLR,1441
biotools,1442
psychotree,1442
RSiena,1442
arfima,1443
neldermead,1443
RcmdrPlugin.EACSPIR,1443
sgof,1443
compareGroups,1444
nasaweather,1445
logistf,1446
MLDS,1446
kappalab,1447
openssl,1447
BatchExperiments,1448
lmm,1448
poibin,1448
FRAPO,1449
pdc,1449
RGA,1449
mets,1450
SASxport,1450
babynames,1452
GeneCycle,1453
bst,1454
quantregForest,1454
cwhmisc,1456
desirability,1456
midasr,1456
VineCopula,1458
mokken,1459
PASWR,1459
ModelMap,1461
boilerpipeR,1462
qualV,1462
cocorresp,1463
R2SWF,1463
GLDEX,1465
ic.infer,1465
rscproxy,1465
LowRankQP,1466
Bolstad,1467
HiddenMarkov,1467
km.ci,1468
numbers,1468
ncvreg,1470
AutoSEARCH,1473
exams,1473
ivpack,1473
seas,1473
grpreg,1474
GenKern,1475
NCBI2R,1477
RcmdrPlugin.TeachingDemos,1478
sparr,1478
DatABEL,1479
mfx,1479
opencpu,1479
geomapdata,1480
perm,1480
AntWeb,1481
DDD,1481
SemiParBIVProbit,1481
catR,1484
koRpus,1484
copBasic,1485
gamlss.mx,1485
gistr,1486
simpleboot,1486
BMS,1487
geospt,1488
TreeSim,1488
spatialkernel,1490
blockrand,1491
phia,1491
ecoengine,1492
apTreeshape,1494
etm,1494
MALDIquant,1495
Mcomp,1495
NADA,1495
rtf,1495
ouch,1498
PKfit,1502
evdbayes,1503
spatgraphs,1503
AMOEBA,1504
MKmisc,1505
bqtl,1507
Guerry,1507
intamap,1507
highfrequency,1508
rplos,1510
wordnet,1512
gstudio,1513
hergm,1513
textir,1513
pipeR,1514
shinythemes,1514
A3,1515
ArDec,1515
Rlab,1516
ForeCA,1517
caroline,1518
mfp,1519
emplik,1520
glmmBUGS,1520
JM,1522
PKI,1522
SpatialEpi,1522
constrainedKriging,1523
AdMit,1527
fame,1527
DiceOptim,1528
FeedbackTS,1528
robfilter,1531
ccgarch,1532
randomLCA,1532
care,1533
landsat,1533
norm,1533
dclone,1535
adimpro,1536
heatmap.plus,1536
rcdd,1537
homals,1540
V8,1540
pcalg,1541
DiagrammeR,1543
Ryacas,1543
micromap,1545
phyclust,1545
meboot,1546
solr,1546
shinyBS,1547
multitaper,1548
spatialCovariance,1550
gmt,1551
PredictABEL,1551
evtree,1552
secr,1553
season,1554
svDialogs,1554
biwavelet,1558
splitstackshape,1559
relax,1560
SCMA,1563
ppls,1564
SpatialTools,1566
PTAk,1567
VarianceGamma,1570
ade4TkGUI,1573
rminer,1573
ecespa,1576
ncdf4,1576
CDVine,1577
frontier,1578
bayesmix,1580
gld,1580
deal,1581
smoothSurv,1581
rentrez,1582
VR,1582
gets,1583
RcmdrPlugin.epack,1583
TreePar,1585
TSclust,1585
R2wd,1589
apt,1590
MVA,1590
adephylo,1591
backtest,1591
RcmdrPlugin.BCA,1591
tabplot,1591
RMAWGEN,1592
CTT,1594
yaImpute,1594
Distance,1595
biom,1596
bizdays,1598
CDNmoney,1599
wq,1599
pso,1600
SNPassoc,1601
feature,1603
FME,1609
skmeans,1611
mco,1612
rainbow,1612
dataRetrieval,1613
SCRT,1613
spikeslab,1613
fractal,1615
Grid2Polygons,1615
EvalEst,1616
Runuran,1616
recommenderlab,1618
psychometric,1621
Rssa,1622
caper,1627
SCVA,1627
AMORE,1628
LSD,1628
RISmed,1628
fBonds,1630
survMisc,1631
TSdbi,1631
DPpackage,1632
dlnm,1634
networkD3,1634
triangle,1634
ChemoSpec,1636
Rcapture,1636
DSpat,1637
dr,1638
RcmdrPlugin.SCDA,1638
BiasedUrn,1639
censReg,1639
catnet,1644
OUwie,1646
DoseFinding,1647
FactoClass,1647
tripEstimation,1647
cclust,1648
dbmss,1649
RSelenium,1649
rFerns,1650
Iso,1651
Rwave,1652
weightedKmeans,1652
distrEx,1653
extraTrees,1653
polyCub,1653
pomp,1653
diveMove,1656
missForest,1657
EnvStats,1659
boa,1660
arulesSequences,1662
bfast,1664
MasterBayes,1665
bayesGARCH,1667
NA,1668
x12,1669
lifecontingencies,1670
agridat,1671
BoolNet,1671
Rmisc,1671
KFKSDS,1672
maxstat,1672
LaF,1676
mratios,1676
mlr,1677
mvnmle,1681
ggmcmc,1682
rmgarch,1682
proj4,1685
tsfa,1685
BayesLCA,1688
svd,1688
ngspatial,1690
batchmeans,1691
Benchmarking,1692
Ckmeans.1d.dp,1692
lmomRFA,1692
rda,1693
HyperbolicDist,1694
pkgKitten,1694
Gmisc,1697
pec,1697
compositions,1700
FieldSim,1701
Brobdingnag,1702
HDclassif,1702
fossil,1703
emoa,1704
fExoticOptions,1705
SensoMineR,1706
forestplot,1708
questionr,1708
sensitivity,1708
analogue,1709
Rfit,1712
frailtypack,1715
hierfstat,1721
scalreg,1721
glm2,1722
apsrtable,1723
shapes,1723
grImport,1724
parallelMap,1726
frbs,1727
RcmdrPlugin.FactoMineR,1730
audio,1732
BCA,1734
ncf,1735
fishmethods,1737
GWmodel,1737
trip,1738
ramps,1740
muhaz,1741
RPMM,1744
RcmdrPlugin.KMggplot2,1745
taRifx,1745
Metrics,1746
PresenceAbsence,1746
biomod2,1747
sysfonts,1747
depmixS4,1748
ISOcodes,1752
grplasso,1753
ibdreg,1753
stockPortfolio,1757
RH2,1760
geonames,1762
RSurvey,1764
bcp,1765
baseline,1770
bigmemory,1772
crs,1772
random,1772
tfplot,1775
SpatialExtremes,1776
cgdsr,1777
ProjectTemplate,1779
GenSA,1783
MARSS,1783
smacof,1783
hdi,1784
plspm,1785
CADFtest,1787
spatialprobit,1789
RGoogleAnalytics,1790
shinyAce,1792
oce,1796
aroma.apd,1799
geomorph,1800
PowerTOST,1804
longitudinalData,1807
nls2,1807
osmar,1807
streamR,1818
RQDA,1826
BayesTree,1828
RcmdrPlugin.NMBU,1831
DiceDesign,1837
RcmdrPlugin.IPSUR,1838
sirt,1840
regress,1842
FinancialInstrument,1843
varSelRF,1843
maxlike,1847
ensembleBMA,1849
gpclib,1856
MAd,1861
GeoXp,1862
ParamHelpers,1864
bsts,1866
CoxBoost,1866
hmeasure,1866
RVAideMemoire,1866
mcmc,1867
ltsa,1868
glmulti,1870
uuid,1870
ridge,1874
bartMachine,1877
R2admb,1877
RArcInfo,1877
rgbif,1879
directlabels,1880
CompRandFld,1881
mixlm,1883
HardyWeinberg,1884
rworldxtra,1885
NMOF,1887
RSEIS,1887
seasonal,1888
Bessel,1889
RGCCA,1889
lmodel2,1890
beeswarm,1891
fRegression,1898
seacarb,1902
ReporteRs,1903
fNonlinear,1904
spsurvey,1904
pitchRx,1905
alabama,1906
dendroextras,1908
haplo.stats,1911
ftsa,1912
YaleToolkit,1916
RecordLinkage,1921
surveillance,1923
mc2d,1927
Stat2Data,1928
AWS.tools,1930
Boom,1930
graphicsQC,1930
phylobase,1930
Rook,1935
cshapes,1936
oro.nifti,1938
RMark,1939
sda,1939
RcmdrPlugin.EZR,1940
R.huge,1941
gap,1942
ghyp,1954
choroplethr,1955
aspace,1957
infotheo,1961
IBrokers,1965
PReMiuM,1969
BoomSpikeSlab,1971
sapa,1977
stochvol,1984
StatMatch,1990
ascii,1992
lqa,1992
rngWELL,1995
Sejong,2000
spTimer,2000
bayesSurv,2003
tester,2004
RLRsim,2009
psychotools,2011
afex,2013
clValid,2020
wavelets,2020
lasso2,2024
seewave,2024
forward,2026
SemiPar,2027
FKF,2028
QCA,2031
CARBayes,2032
ergm.count,2034
DCluster,2037
DoE.wrapper,2037
sphet,2038
aroma.affymetrix,2041
AnalyzeFMRI,2049
htmlTable,2052
apcluster,2054
GISTools,2055
ClustOfVar,2058
reldist,2059
RcmdrPlugin.temis,2066
abc,2068
nutshell.audioscrobbler,2070
RcmdrPlugin.survival,2073
marmap,2074
PSCBS,2077
RPMG,2077
Lmoments,2081
mailR,2082
scagnostics,2084
GA,2087
FitAR,2089
CCA,2091
MTS,2092
timereg,2093
rsprng,2096
psy,2098
bigmemory.sri,2100
repmis,2109
oz,2119
NMF,2120
nutshell.bbdb,2121
lmomco,2125
Rcsdp,2126
acs,2131
tseriesChaos,2132
splm,2137
GlobalOptions,2138
lmom,2142
samr,2144
isa2,2149
logcondens,2149
mFilter,2153
micEcon,2160
RcmdrPlugin.DoE,2161
GenABEL,2176
FRB,2178
LMERConvenienceFunctions,2183
LDheatmap,2184
startupmsg,2185
tuneR,2186
PKPDmodels,2187
sde,2188
Fahrmeir,2189
DiceKriging,2197
s20x,2198
treemap,2199
VGAMdata,2199
wavethresh,2204
adehabitatHS,2206
Boruta,2206
bear,2208
gRain,2209
TraMineR,2210
genalg,2213
zipcode,2215
MNP,2217
fftw,2218
catdata,2227
ads,2231
WhatIf,2231
ICS,2235
R.filesets,2241
fortunes,2247
pgmm,2256
dyn,2263
spgrass6,2264
qpcR,2273
RGtk2Extras,2283
contrast,2300
FD,2301
longitudinal,2303
TAM,2303
missMDA,2306
wmtsa,2309
taxize,2311
coefplot,2317
clinfun,2320
tmvtnorm,2320
BDgraph,2324
R.devices,2327
aroma.core,2331
ismev,2331
mediation,2333
LiblineaR,2335
doRNG,2339
bold,2340
spgwr,2340
GEOmap,2342
evir,2343
textometry,2344
RNetCDF,2345
plotGoogleMaps,2347
cobs,2348
nutshell,2351
BsMD,2352
mixOmics,2353
ResourceSelection,2357
XML2R,2359
odfWeave,2362
compute.es,2372
knitcitations,2374
dendextend,2379
ICSNP,2379
nws,2382
countrycode,2383
highlight,2383
RItools,2384
splus2R,2393
lsa,2399
limSolve,2403
circlize,2404
abd,2407
tsDyn,2409
changepoint,2412
GAMBoost,2412
useful,2414
RInside,2423
distr,2427
MBA,2434
Taxonstand,2436
bipartite,2447
rmongodb,2448
conf.design,2458
hdrcde,2467
ppcor,2470
mondate,2471
eRm,2478
labdsv,2479
fmsb,2482
exactRankTests,2483
eha,2494
pegas,2502
lda,2503
cmprsk,2505
BayesFactor,2506
randtoolbox,2506
IDPmisc,2509
CDM,2518
multilevel,2519
LogicReg,2520
chemometrics,2525
fArma,2528
NbClust,2530
nlstools,2530
simsem,2531
relaimpo,2535
irlba,2538
GeneNet,2542
hydroGOF,2542
tnet,2544
dplR,2547
ifultools,2550
cem,2551
testthatsomemore,2551
spBayes,2553
cvTools,2557
KFAS,2558
MVN,2559
nFactors,2560
denstrip,2576
dummies,2579
drc,2587
fExtremes,2588
playwith,2588
extRemes,2591
BHH2,2592
sets,2600
SimComp,2610
MPV,2618
compare,2619
sos,2621
erer,2629
maxent,2636
tweedie,2636
getopt,2640
portfolio,2646
lavaan.survey,2653
tergm,2661
OpenStreetMap,2662
rbounds,2662
linprog,2670
optparse,2674
gWidgetstcltk,2677
RcmdrPlugin.HH,2687
tensorA,2692
popbio,2696
BayesX,2698
markovchain,2699
tiff,2700
rsm,2711
statnet,2724
fImport,2732
lfe,2746
mirt,2764
tikzDevice,2783
ChainLadder,2784
lokern,2790
igraphdata,2791
logspline,2792
intergraph,2796
broom,2797
truncreg,2801
tframe,2811
picante,2815
ENmisc,2816
RSAGA,2823
binom,2845
dse,2856
SweaveListingUtils,2857
candisc,2859
PBSmodelling,2866
gvlma,2873
plotKML,2880
Geneland,2885
rngtools,2891
DataCombine,2902
dygraphs,2902
hydroTSM,2916
gdistance,2923
h2o,2927
doRedis,2937
prob,2939
Rfacebook,2943
Sleuth3,2943
runjags,2946
CompQuadForm,2951
dlm,2954
kinship2,2954
networkDynamic,2954
contfrac,2963
estimability,2970
gRbase,2978
spls,2980
asbio,2981
R2OpenBUGS,2984
languageR,2992
mix,3003
MSBVAR,3011
pgirmess,3017
pkgmaker,3017
rbenchmark,3023
MplusAutomation,3024
rneos,3027
fAssets,3030
lisrelToR,3038
Sleuth2,3041
colorRamps,3058
circular,3059
BRugs,3061
fts,3063
MEMSS,3069
mixtools,3074
prettyR,3081
tgp,3083
AGD,3100
fCopulae,3100
beanplot,3104
lhs,3113
gamlss.data,3136
leafletR,3137
qdapRegex,3149
hypergeo,3152
RTextTools,3157
qdapDictionaries,3160
mlmRev,3165
RGraphics,3167
DescTools,3168
dynamicTreeCut,3171
RSNNS,3188
multcompView,3189
spd,3190
MCMCglmm,3196
aqp,3197
relations,3198
geiger,3210
Lock5Data,3210
visreg,3211
sampleSelection,3219
RefManageR,3222
BSDA,3228
glmmML,3230
subplex,3235
geoRglm,3239
RQuantLib,3244
kohonen,3245
VIM,3254
optmatch,3255
adehabitatHR,3260
fAsianOptions,3262
KMsurv,3264
AUC,3268
superpc,3271
randomForestSRC,3275
bestglm,3281
partitions,3284
ffbase,3286
maptree,3287
WDI,3290
FrF2,3291
phytools,3304
rlecuyer,3306
pan,3322
rredis,3329
diagram,3331
FSelector,3332
kknn,3336
DoE.base,3353
adehabitatMA,3354
trust,3354
cba,3368
fPortfolio,3368
lpSolveAPI,3368
FinTS,3374
fMultivar,3377
subselect,3377
rootSolve,3382
clv,3383
Epi,3386
AlgDesign,3389
biclust,3395
SDMTools,3397
coxme,3417
semTools,3428
R.rsp,3430
gamm4,3435
elliptic,3438
poLCA,3447
qtl,3448
BiodiversityR,3452
topicmodels,3459
lsr,3480
latentnet,3491
weights,3516
DEoptim,3522
fit.models,3527
clusterSim,3532
SkewHyperbolic,3534
BMA,3549
modeest,3557
DeducerExtras,3559
elasticnet,3568
SuppDists,3597
GeneralizedHyperbolic,3602
fTrading,3605
nleqslv,3607
gridSVG,3609
futile.options,3611
base64,3653
rmeta,3659
flexclust,3665
heplots,3669
lambda.r,3669
gender,3673
fUnitRoots,3680
DistributionUtils,3684
pmml,3720
reports,3728
automap,3734
verification,3744
ADGofTest,3752
WriteXLS,3765
adehabitatLT,3775
registry,3779
waveslim,3779
epitools,3782
matlab,3789
filehash,3791
R.cache,3795
calibrate,3814
sas7bdat,3815
signal,3820
alr4,3829
ash,3838
qdapTools,3848
tripack,3854
genetics,3860
alr3,3861
emdbook,3865
futile.logger,3866
qdap,3890
vcdExtra,3890
mi,3891
irr,3893
bayesm,3900
functional,3912
hash,3913
nor1mix,3928
gcookbook,3934
pspline,3947
adegenet,3954
robust,3962
adabag,3966
lintr,3977
QuantPsyc,3997
meta,4014
bnlearn,4018
adehabitat,4030
som,4054
minpack.lm,4057
hwriter,4061
ecodist,4064
gnm,4072
gmm,4080
evd,4086
sciplot,4105
biglm,4106
HSAUR2,4111
openNLPdata,4120
betareg,4123
clusterGeneration,4134
doMC,4139
ltm,4140
ez,4149
pamr,4165
penalized,4168
downloader,4172
dtw,4175
energy,4214
MBESS,4220
outliers,4221
Rmpi,4222
bibtex,4230
metafor,4243
texreg,4250
openxlsx,4260
lawstat,4262
venneuler,4279
Cubist,4286
sampling,4288
extrafontdb,4327
pheatmap,4352
curl,4361
MatchIt,4378
fOptions,4395
vioplot,4399
openair,4410
entropy,4429
ineq,4449
statnet.common,4453
VennDiagram,4459
its,4467
tau,4470
rpanel,4497
astsa,4523
robCompositions,4543
Kendall,4544
huge,4564
ada,4602
ergm,4602
rgenoud,4605
gamlss,4613
actuar,4615
ElemStatLearn,4626
mitools,4640
phangorn,4663
pvclust,4667
ctv,4682
Rmpfr,4694
mvnormtest,4713
MatrixModels,4731
geometry,4755
expsmooth,4760
dfoptim,4766
rggobi,4825
geepack,4846
epiR,4848
sn,4850
qcc,4851
bbmle,4860
fitdistrplus,4860
date,4876
WGCNA,4888
sjPlot,4889
fma,4895
sendplot,4914
KoNLP,4945
rockchalk,4962
ROracle,4995
glasso,5006
unmarked,5007
np,5015
epicalc,5051
rworldmap,5091
rtiff,5110
nycflights13,5112
polynom,5128
snowfall,5135
dynlm,5149
pbapply,5155
Zelig,5170
DMwR,5172
openNLP,5179
C50,5243
selectr,5265
optextras,5310
Rcgmin,5311
svUnit,5311
rvest,5327
Rvmmin,5328
Ecfun,5350
Matching,5370
fpp,5373
semPlot,5373
AppliedPredictiveModeling,5376
VIF,5394
testit,5401
gamlss.dist,5434
gee,5435
ISwR,5451
JavaGD,5451
Quandl,5468
sgeostat,5476
fastICA,5532
RANN,5584
ordinal,5597
openintro,5601
qvcalc,5619
CircStats,5625
tis,5633
rugarch,5639
Amelia,5666
nnls,5672
mda,5683
lsmeans,5687
segmented,5697
stabs,5699
PBSmapping,5786
mvoutlier,5805
bootstrap,5832
pryr,5839
shape,5850
lmerTest,5855
vars,5874
mlogit,5880
dismo,5907
descr,5939
itertools,5948
plot3D,5969
extrafont,5981
Rttf2pt1,5990
BB,6014
moonsun,6029
seqinr,6040
systemfit,6042
Ecdat,6094
Rsymphony,6100
htmlwidgets,6124
pander,6129
Rserve,6136
rasterVis,6173
neuralnet,6206
qgraph,6210
aod,6223
gridBase,6290
clue,6296
setRNG,6299
cubature,6363
optimx,6365
hflights,6387
goftest,6390
gWidgets,6396
partykit,6403
gWidgetsRGtk2,6430
R.matlab,6438
copula,6440
HSAUR,6454
amap,6455
plotmo,6461
AICcmodavg,6464
Deducer,6480
d3Network,6505
magic,6527
Rsolnp,6601
ucminf,6618
pracma,6672
HH,6678
tables,6683
fastmatch,6723
memisc,6771
iplots,6865
mboost,6907
MuMIn,6950
gsl,6975
gmp,7004
shapefiles,7032
multicool,7038
R2jags,7082
polycor,7111
DAAG,7146
fGarch,7208
faraway,7257
network,7269
ca,7324
truncnorm,7330
earth,7365
R2WinBUGS,7391
TSA,7448
fail,7504
ff,7532
geoR,7549
tensor,7592
JGR,7608
bdsmatrix,7645
packrat,7650
CORElearn,7655
polyclip,7668
ggvis,7669
fastcluster,7728
rex,7740
gam,7794
ggm,7810
corrgram,7821
stringdist,7822
arulesViz,7874
ncdf,7889
Rglpk,7901
classInt,7997
TeachingDemos,8021
fdrtool,8036
akima,8119
flashClust,8137
fda,8170
ggthemes,8223
R2HTML,8324
Cairo,8357
animation,8372
miscTools,8397
MCMCpack,8527
agricolae,8574
ks,8629
geosphere,8630
BatchJobs,8729
tkrplot,8812
pscl,8874
lars,9020
plm,9055
polspline,9120
mapdata,9208
sm,9257
pixmap,9287
mice,9306
pwr,9358
prodlim,9378
ROAuth,9405
intervals,9427
stargazer,9446
inline,9551
pbivnorm,9673
crayon,9800
maxLik,9847
pcaPP,9996
sna,10047
splancs,10074
ipred,10081
rrcov,10095
pastecs,10196
PerformanceAnalytics,10197
Lahman,10253
RWekajars,10296
statmod,10319
GPArotation,10320
SnowballC,10354
msm,10355
lava,10392
bit64,10560
FNN,10645
mosaicData,10719
nortest,10862
RandomFields,10888
trimcluster,11054
lavaan,11059
HistData,11137
mlbench,11137
microbenchmark,11209
rjags,11474
doBy,11483
urca,11573
tree,11582
corrplot,11644
arm,11756
spacetime,11788
moments,11798
twitteR,11886
ggdendro,11952
checkmate,11981
misc3d,12018
deSolve,12053
pls,12280
doParallel,12411
installr,12445
seriation,12520
RWeka,12549
klaR,12659
pROC,12820
lpSolve,12868
rms,12916
proxy,12933
survey,12943
gclus,13019
gmodels,13113
BBmisc,13153
expm,13179
fpc,13180
prabclus,13216
AER,13222
diptest,13264
corpcor,13333
cairoDevice,13380
RUnit,13391
RPostgreSQL,13510
LearnBayes,13539
googleVis,13696
TSP,13762
sfsmisc,13934
RGtk2,13997
spatstat,14080
gstat,14229
bit,14287
mosaic,14514
locfit,14915
ISLR,14976
gbm,15234
stabledist,15580
FactoMineR,15751
GGally,16119
doSNOW,16193
permute,16257
UsingR,16373
matrixStats,16439
RJDBC,16502
rpart.plot,17063
rgeos,17125
gss,17262
flexmix,17376
ade4,17381
rattle,17486
VGAM,17536
R.oo,17892
snow,17956
strucchange,18069
coin,18242
R.utils,18296
ellipse,18336
wordcloud,18351
combinat,18380
spam,18458
ROCR,18587
RgoogleMaps,18888
fBasics,19036
sendmailR,19072
base64enc,19425
ggmap,19591
party,19666
aplpack,19677
hexbin,19897
arules,20144
mclust,20271
gsubfn,20299
matrixcalc,20592
glmnet,20594
spdep,20807
fields,20957
fracdiff,20996
jpeg,21399
RcmdrMisc,21562
relimp,21564
sem,21765
NLP,21817
deldir,23115
tidyr,23331
mapproj,23391
ape,23500
numDeriv,23533
R.methodsS3,23888
sqldf,23969
profileModel,24307
timeSeries,24675
brglm,24946
tm,25388
raster,25389
vcd,25549
vegan,25728
modeltools,26058
DEoptimR,26275
slam,26718
TTR,26765
stringi,27352
effects,29089
png,29120
BradleyTerry2,29133
tcltk2,29231
XLConnectJars,30019
RMySQL,30239
rgdal,30374
kernlab,31475
scatterplot3d,31703
spatial,34004
quantmod,34155
robustbase,34262
forecast,34758
Rcmdr,37080
leaps,37125
caret,37501
RODBC,38045
plotrix,38813
mnormt,38938
randomForest,39732
coda,40166
nnet,40198
lubridate,40353
maptools,40423
survival,41421
XLConnect,41587
class,42935
abind,43202
rjson,43271
timeDate,44059
lmtest,44074
tseries,44104
xts,44158
RcppArmadillo,44359
TH.data,44815
gridExtra,44840
RSQLite,45759
quadprog,45953
maps,48154
httpuv,48681
rpart,49755
xlsxjars,50347
multcomp,50496
psych,51765
igraph,51844
rmarkdown,54729
iterators,55509
reshape,56138
cluster,56690
gplots,56845
data.table,57760
chron,58049
codetools,58318
KernSmooth,58574
swirl,59653
foreach,60638
whisker,61120
rgl,62720
testthat,63404
gdata,63869
xlsx,64209
lattice,65276
sandwich,65938
RJSONIO,66750
brew,67207
Matrix,67216
e1071,67676
sp,67964
assertthat,68692
roxygen2,69105
boot,70268
shiny,70943
nlme,71875
rstudioapi,72410
xtable,72735
mgcv,73180
BH,74245
memoise,74813
acepack,76669
gtools,78374
lazyeval,79099
XML,81058
foreign,82253
pbkrtest,84709
magrittr,84781
latticeExtra,86014
mvtnorm,93000
htmltools,94797
RcppEigen,96684
Formula,97465
MASS,98724
nloptr,99377
minqa,100071
yaml,100199
SparseM,101124
caTools,102889
quantreg,104469
formatR,105729
markdown,108100
highr,109124
devtools,109416
lme4,109433
jsonlite,109894
Hmisc,112443
DBI,117272
zoo,119111
dplyr,120366
evaluate,121182
rJava,127541
httr,130337
knitr,140646
R6,143122
car,146699
bitops,158927
RCurl,160085
mime,165140
dichromat,168272
gtable,169110
munsell,171768
proto,172453
labeling,175184
scales,182072
manipulate,195913
colorspace,207073
RColorBrewer,224910
reshape2,231366
stringr,237990
plyr,238518
ggplot2,259268
digest,266339
Rcpp,310776
